-- School ERP basic seed (product metadata only)
-- Generated from docs/db_current.sql

SET FOREIGN_KEY_CHECKS=0;
SET SQL_MODE='NO_AUTO_VALUE_ON_ZERO';

-- languages
INSERT INTO `languages` (`id`, `language`, `short_code`, `country_code`, `is_rtl`, `is_deleted`, `is_active`, `created_at`, `updated_at`) VALUES
(1, 'Azerbaijan', 'az', 'az', 0, 'no', 'no', '2019-11-20 11:23:12', NULL),
(2, 'Albanian', 'sq', 'al', 0, 'no', 'no', '2019-11-20 11:42:42', NULL),
(3, 'Amharic', 'am', 'am', 0, 'no', 'no', '2019-11-20 11:24:23', NULL),
(4, 'English', 'en', 'us', 0, 'no', 'no', '2019-11-20 11:38:50', NULL),
(5, 'Arabic', 'ar', 'sa', 0, 'no', 'no', '2019-11-20 11:47:28', NULL),
(7, 'Afrikaans', 'af', 'af', 0, 'no', 'no', '2019-11-20 11:24:23', NULL),
(8, 'Basque', 'eu', 'es', 0, 'no', 'no', '2019-11-20 11:54:10', NULL),
(11, 'Bengali', 'bn', 'in', 0, 'no', 'no', '2019-11-20 11:41:53', NULL),
(13, 'Bosnian', 'bs', 'bs', 0, 'no', 'no', '2019-11-20 11:24:23', NULL),
(14, 'Welsh', 'cy', 'cy', 0, 'no', 'no', '2019-11-20 11:24:23', NULL),
(15, 'Hungarian', 'hu', 'hu', 0, 'no', 'no', '2019-11-20 11:24:23', NULL),
(16, 'Vietnamese', 'vi', 'vi', 0, 'no', 'no', '2019-11-20 11:24:23', NULL),
(17, 'Haitian', 'ht', 'ht', 0, 'no', 'no', '2021-01-23 07:09:32', NULL),
(18, 'Galician', 'gl', 'gl', 0, 'no', 'no', '2019-11-20 11:24:23', NULL),
(19, 'Dutch', 'nl', 'nl', 0, 'no', 'no', '2019-11-20 11:24:23', NULL),
(21, 'Greek', 'el', 'gr', 0, 'no', 'no', '2019-11-20 12:12:08', NULL),
(22, 'Georgian', 'ka', 'ge', 0, 'no', 'no', '2019-11-20 12:11:40', NULL),
(23, 'Gujarati', 'gu', 'in', 0, 'no', 'no', '2019-11-20 11:39:16', NULL),
(24, 'Danish', 'da', 'dk', 0, 'no', 'no', '2019-11-20 12:03:25', NULL),
(25, 'Hebrew', 'he', 'il', 0, 'no', 'no', '2019-11-20 12:13:50', NULL),
(26, 'Yiddish', 'yi', 'il', 0, 'no', 'no', '2019-11-20 12:25:33', NULL),
(27, 'Indonesian', 'id', 'id', 0, 'no', 'no', '2019-11-20 11:24:23', NULL),
(28, 'Irish', 'ga', 'ga', 0, 'no', 'no', '2019-11-20 11:24:23', NULL),
(29, 'Italian', 'it', 'it', 0, 'no', 'no', '2019-11-20 11:24:23', NULL),
(30, 'Icelandic', 'is', 'is', 0, 'no', 'no', '2019-11-20 11:24:23', NULL),
(31, 'Spanish', 'es', 'es', 0, 'no', 'no', '2019-11-20 11:24:23', NULL),
(33, 'Kannada', 'kn', 'kn', 0, 'no', 'no', '2024-01-24 07:58:15', NULL),
(34, 'Catalan', 'ca', 'ca', 0, 'no', 'no', '2019-11-20 11:24:23', NULL),
(36, 'Chinese', 'zh', 'cn', 0, 'no', 'no', '2019-11-20 12:01:48', NULL),
(37, 'Korean', 'ko', 'kr', 0, 'no', 'no', '2019-11-20 12:19:09', NULL),
(38, 'Xhosa', 'xh', 'ls', 0, 'no', 'no', '2019-11-20 12:24:39', NULL),
(39, 'Latin', 'la', 'it', 0, 'no', 'no', '2021-01-23 07:09:32', NULL),
(40, 'Latvian', 'lv', 'lv', 0, 'no', 'no', '2019-11-20 11:24:23', NULL),
(41, 'Lithuanian', 'lt', 'lt', 0, 'no', 'no', '2019-11-20 11:24:23', NULL),
(43, 'Malagasy', 'mg', 'mg', 0, 'no', 'no', '2019-11-20 11:24:23', NULL),
(44, 'Malay', 'ms', 'ms', 0, 'no', 'no', '2019-11-20 11:24:23', NULL),
(45, 'Malayalam', 'ml', 'ml', 0, 'no', 'no', '2019-11-20 11:24:23', NULL),
(46, 'Maltese', 'mt', 'mt', 0, 'no', 'no', '2019-11-20 11:24:23', NULL),
(47, 'Macedonian', 'mk', 'mk', 0, 'no', 'no', '2019-11-20 11:24:23', NULL),
(48, 'Maori', 'mi', 'nz', 0, 'no', 'no', '2019-11-20 12:20:27', NULL),
(49, 'Marathi', 'mr', 'in', 0, 'no', 'no', '2019-11-20 11:39:51', NULL),
(51, 'Mongolian', 'mn', 'mn', 0, 'no', 'no', '2019-11-20 11:24:23', NULL),
(52, 'German', 'de', 'de', 0, 'no', 'no', '2019-11-20 11:24:23', NULL),
(53, 'Nepali', 'ne', 'ne', 0, 'no', 'no', '2019-11-20 11:24:23', NULL),
(54, 'Norwegian', 'no', 'no', 0, 'no', 'no', '2019-11-20 11:24:23', NULL),
(55, 'Punjabi', 'pa', 'in', 0, 'no', 'no', '2019-11-20 11:40:16', NULL),
(57, 'Persian', 'fa', 'ir', 0, 'no', 'no', '2019-11-20 12:21:17', NULL),
(59, 'Portuguese', 'pt', 'pt', 0, 'no', 'no', '2019-11-20 11:24:23', NULL),
(60, 'Romanian', 'ro', 'ro', 0, 'no', 'no', '2019-11-20 11:24:23', NULL),
(61, 'Russian', 'ru', 'ru', 0, 'no', 'no', '2019-11-20 11:24:23', NULL),
(62, 'Cebuano', 'ceb', 'ph', 0, 'no', 'no', '2019-11-20 11:59:12', NULL),
(64, 'Sinhala', 'si', 'lk ', 0, 'no', 'no', '2021-01-23 07:09:32', NULL),
(65, 'Slovakian', 'sk', 'sk', 0, 'no', 'no', '2019-11-20 11:24:23', NULL),
(66, 'Slovenian', 'sl', 'sl', 0, 'no', 'no', '2019-11-20 11:24:23', NULL),
(67, 'Swahili', 'sw', 'ke', 0, 'no', 'no', '2019-11-20 12:21:57', NULL),
(68, 'Sundanese', 'su', 'sd', 0, 'no', 'no', '2019-12-03 11:06:57', NULL),
(70, 'Thai', 'th', 'th', 0, 'no', 'no', '2019-11-20 11:24:23', NULL),
(71, 'Tagalog', 'tl', 'tl', 0, 'no', 'no', '2019-11-20 11:24:23', NULL),
(72, 'Tamil', 'ta', 'in', 0, 'no', 'no', '2019-11-20 11:40:53', NULL),
(74, 'Telugu', 'te', 'in', 0, 'no', 'no', '2019-11-20 11:41:15', NULL),
(75, 'Turkish', 'tr', 'tr', 0, 'no', 'no', '2019-11-20 11:24:23', NULL),
(77, 'Uzbek', 'uz', 'uz', 0, 'no', 'no', '2019-11-20 11:24:23', NULL),
(79, 'Urdu', 'ur', 'pk', 0, 'no', 'no', '2019-11-20 12:23:57', NULL),
(80, 'Finnish', 'fi', 'fi', 0, 'no', 'no', '2019-11-20 11:24:23', NULL),
(81, 'French', 'fr', 'fr', 0, 'no', 'no', '2019-11-20 11:24:23', NULL),
(82, 'Hindi', 'hi', 'in', 0, 'no', 'no', '2019-11-20 11:36:34', NULL),
(84, 'Czech', 'cs', 'cz', 0, 'no', 'no', '2019-11-20 12:02:36', NULL),
(85, 'Swedish', 'sv', 'sv', 0, 'no', 'no', '2019-11-20 11:24:23', NULL),
(86, 'Scottish', 'gd', 'gd', 0, 'no', 'no', '2019-11-20 11:24:23', NULL),
(87, 'Estonian', 'et', 'et', 0, 'no', 'no', '2019-11-20 11:24:23', NULL),
(88, 'Esperanto', 'eo', 'br', 0, 'no', 'no', '2019-11-21 04:49:18', NULL),
(89, 'Javanese', 'jv', 'id', 0, 'no', 'no', '2019-11-20 12:18:29', NULL),
(90, 'Japanese', 'ja', 'jp', 0, 'no', 'no', '2019-11-20 12:14:39', NULL),
(91, 'Polish', 'pl', 'pl', 0, 'no', 'no', '2020-06-15 03:25:27', NULL),
(92, 'Kurdish', 'ku', 'iq', 0, 'no', 'no', '2020-12-21 00:15:31', NULL),
(93, 'Lao', 'lo', 'la', 0, 'no', 'no', '2020-12-21 00:15:36', NULL),
(94, 'Croatia', 'hr', 'hr', 0, 'no', 'no', '2022-06-07 11:48:21', NULL);


-- currencies
INSERT INTO `currencies` (`id`, `name`, `short_name`, `symbol`, `base_price`, `is_active`, `created_at`) VALUES
(1, 'AED', 'AED', 'AEDf', '1', 0, '2022-12-30 06:19:15'),
(2, 'AFN', 'AFN', '؋', '1', 0, '2022-12-30 06:19:19'),
(3, 'ALL', 'ALL', 'ALL', '1', 0, '2022-12-30 06:19:22'),
(4, 'AMD', 'AMD', 'AMD', '1', 0, '2022-07-22 10:55:15'),
(5, 'ANG', 'ANG', 'ANG', '1', 0, '2022-07-22 10:55:15'),
(6, 'AOA', 'AOA', 'AOA', '1', 0, '2022-07-22 10:55:15'),
(7, 'ARS', 'ARS', 'ARS', '1', 0, '2022-07-22 10:55:15'),
(8, 'AUD', 'AUD', 'AUD', '1', 0, '2022-07-22 10:55:15'),
(9, 'AWG', 'AWG', 'AWG', '1', 0, '2022-07-22 10:55:15'),
(10, 'AZN', 'AZN', 'AZN', '1', 0, '2022-07-22 10:55:15'),
(11, 'BAM', 'BAM', 'BAM', '1', 0, '2022-07-22 10:55:15'),
(12, 'BAM', 'BAM', 'BAM', '1', 0, '2022-07-22 10:55:15'),
(13, 'BDT', 'BDT', 'BDT', '1', 0, '2022-07-22 10:55:15'),
(14, 'BGN', 'BGN', 'BGN', '1', 0, '2022-07-22 10:55:15'),
(15, 'BHD', 'BHD', 'BHD', '1', 0, '2022-07-22 10:55:15'),
(16, 'BIF', 'BIF', 'BIF', '1', 0, '2022-07-22 10:55:15'),
(17, 'BMD', 'BMD', 'BMD', '1', 0, '2022-07-22 10:55:15'),
(18, 'BND', 'BND', 'BND', '1', 0, '2022-07-22 10:55:15'),
(19, 'BOB', 'BOB', 'BOB', '1', 0, '2022-12-30 06:19:29'),
(20, 'BOV', 'BOV', 'BOV', '1', 0, '2022-12-30 06:19:38'),
(21, 'BRL', 'BRL', 'BRL', '1', 0, '2022-07-22 10:55:15'),
(22, 'BSD', 'BSD', 'BSD', '1', 0, '2022-12-30 06:19:40'),
(23, 'BTN', 'BTN', 'BTN', '1', 0, '2022-12-30 06:19:42'),
(24, 'BWP', 'BWP', 'BWP', '1', 0, '2022-07-22 10:55:15'),
(25, 'BYN', 'BYN', 'BYN', '1', 0, '2022-07-22 10:55:15'),
(26, 'BYR', 'BYR', 'BYR', '1', 0, '2022-07-22 10:55:15'),
(27, 'BZD', 'BZD', 'BZD', '1', 0, '2022-07-22 10:55:15'),
(28, 'CAD', 'CAD', 'CAD', '1', 0, '2022-07-22 10:55:15'),
(29, 'CDF', 'CDF', 'CDF', '1', 0, '2022-07-22 10:55:15'),
(30, 'CHE', 'CHE', 'CHE', '1', 0, '2022-07-22 10:55:15'),
(31, 'CHF', 'CHF', 'CHF', '1', 0, '2022-07-22 10:55:15'),
(32, 'CHW', 'CHW', 'CHW', '1', 0, '2022-07-22 10:55:15'),
(33, 'CLF', 'CLF', 'CLF', '1', 0, '2022-07-22 10:55:15'),
(34, 'CLP', 'CLP', 'CLP', '1', 0, '2022-07-22 10:55:15'),
(35, 'CNY', 'CNY', 'CNY', '1', 0, '2022-07-22 10:55:15'),
(36, 'COP', 'COP', 'COP', '1', 0, '2022-07-22 10:55:15'),
(37, 'COU', 'COU', 'COU', '1', 0, '2022-07-22 10:55:15'),
(38, 'CRC', 'CRC', 'CRC', '1', 0, '2022-07-22 10:55:15'),
(39, 'CUC', 'CUC', 'CUC', '1', 0, '2022-07-22 10:55:15'),
(40, 'CUP', 'CUP', 'CUP', '1', 0, '2022-07-22 10:55:15'),
(41, 'CVE', 'CVE', 'CVE', '1', 0, '2022-07-22 10:55:15'),
(42, 'CZK', 'CZK', 'CZK', '1', 0, '2022-07-22 10:55:15'),
(43, 'DJF', 'DJF', 'DJF', '1', 0, '2022-07-22 10:55:15'),
(44, 'DKK', 'DKK', 'DKK', '1', 0, '2022-07-22 10:55:15'),
(45, 'DOP', 'DOP', 'DOP', '1', 0, '2022-07-22 10:55:15'),
(46, 'DZD', 'DZD', 'DZD', '1', 0, '2022-07-22 10:55:15'),
(47, 'EGP', 'EGP', 'EGP', '1', 0, '2022-07-22 10:55:15'),
(48, 'ERN', 'ERN', 'ERN', '1', 0, '2022-07-22 10:55:15'),
(49, 'ETB', 'ETB', 'ETB', '1', 0, '2022-07-22 10:55:15'),
(50, 'EUR', 'EUR', '€', '1', 0, '2022-12-30 06:20:25'),
(51, 'FJD', 'FJD', 'FJD', '1', 0, '2022-07-22 10:55:15'),
(52, 'FKP', 'FKP', 'FKP', '1', 0, '2022-07-22 10:55:15'),
(53, 'GBP', 'GBP', '£', '1', 0, '2022-12-30 06:20:29'),
(54, 'GEL', 'GEL', 'GEL', '1', 0, '2022-07-22 10:55:15'),
(55, 'GHS', 'GHS', 'GHS', '1', 0, '2022-07-22 10:55:15'),
(56, 'GIP', 'GIP', 'GIP', '1', 0, '2022-07-22 10:55:15'),
(57, 'GMD', 'GMD', 'GMD', '1', 0, '2022-07-22 10:55:15'),
(58, 'GNF', 'GNF', 'GNF', '1', 0, '2022-07-22 10:55:15'),
(59, 'GTQ', 'GTQ', 'GTQ', '1', 0, '2022-07-22 10:55:15'),
(60, 'GYD', 'GYD', 'GYD', '1', 0, '2022-07-22 10:55:15'),
(61, 'HKD', 'HKD', 'HKD', '1', 0, '2022-07-22 10:55:15'),
(62, 'HNL', 'HNL', 'HNL', '1', 0, '2022-07-22 10:55:15'),
(63, 'HRK', 'HRK', 'HRK', '1', 0, '2022-07-22 10:55:15'),
(64, 'HTG', 'HTG', 'HTG', '1', 0, '2022-07-22 10:55:15'),
(65, 'HUF', 'HUF', 'HUF', '1', 0, '2022-07-22 10:55:15'),
(66, 'IDR', 'IDR', 'IDR', '1', 0, '2022-12-30 06:20:34'),
(67, 'ILS', 'ILS', 'ILS', '1', 0, '2022-07-22 10:55:15'),
(68, 'INR', 'INR', '₹', '1', 1, '2023-12-21 05:58:42'),
(69, 'IQD', 'IQD', 'IQD', '1', 0, '2022-07-22 10:55:15'),
(70, 'IRR', 'IRR', 'IRR', '1', 0, '2022-07-22 10:55:15'),
(71, 'ISK', 'ISK', 'ISK', '1', 0, '2022-07-22 10:55:15'),
(72, 'JMD', 'JMD', 'JMD', '1', 0, '2022-07-22 10:55:15'),
(73, 'JOD', 'JOD', 'JOD', '1', 0, '2022-07-22 10:55:15'),
(74, 'JPY', 'JPY', 'JPY', '1', 0, '2022-12-30 06:19:56'),
(75, 'KES', 'KES', 'KES', '1', 0, '2022-07-22 10:55:15'),
(76, 'KGS', 'KGS', 'KGS', '1', 0, '2022-07-22 10:55:15'),
(77, 'KHR', 'KHR', 'KHR', '1', 0, '2022-07-22 10:55:15'),
(78, 'KMF', 'KMF', 'KMF', '1', 0, '2022-07-22 10:55:15'),
(79, 'KPW', 'KPW', 'KPW', '1', 0, '2022-07-22 10:55:15'),
(80, 'KRW', 'KRW', 'KRW', '1', 0, '2022-07-22 10:55:15'),
(81, 'KWD', 'KWD', 'KWD', '1', 0, '2022-07-22 10:55:15'),
(82, 'KYD', 'KYD', 'KYD', '1', 0, '2022-07-22 10:55:15'),
(83, 'KZT', 'KZT', 'KZT', '1', 0, '2022-07-22 10:55:15'),
(84, 'LAK', 'LAK', 'LAK', '1', 0, '2022-07-22 10:55:15'),
(85, 'LBP', 'LBP', 'LBP', '1', 0, '2022-07-22 10:55:15'),
(86, 'LKR', 'LKR', 'LKR', '1', 0, '2022-07-22 10:55:15'),
(87, 'LRD', 'LRD', 'LRD', '1', 0, '2022-07-22 10:55:15'),
(88, 'LSL', 'LSL', 'LSL', '1', 0, '2022-07-22 10:55:15'),
(89, 'LYD', 'LYD', 'LYD', '1', 0, '2022-07-22 10:55:15'),
(90, 'MAD', 'MAD', 'MAD', '1', 0, '2022-07-22 10:55:15'),
(91, 'MDL', 'MDL', 'MDL', '1', 0, '2022-07-22 10:55:15'),
(92, 'MGA', 'MGA', 'MGA', '1', 0, '2022-07-22 10:55:15'),
(93, 'MKD', 'MKD', 'MKD', '1', 0, '2022-07-22 10:55:15'),
(94, 'MMK', 'MMK', 'MMK', '1', 0, '2022-07-22 10:55:15'),
(95, 'MNT', 'MNT', 'MNT', '1', 0, '2022-07-22 10:55:15'),
(96, 'MOP', 'MOP', 'MOP', '1', 0, '2022-07-22 10:55:15'),
(97, 'MRO', 'MRO', 'MRO', '1', 0, '2022-07-22 10:55:15'),
(98, 'MUR', 'MUR', 'MUR', '1', 0, '2022-07-22 10:55:15'),
(99, 'MVR', 'MVR', 'MVR', '1', 0, '2022-07-22 10:55:15'),
(100, 'MWK', 'MWK', 'MWK', '1', 0, '2022-07-22 10:55:15'),
(101, 'MXN', 'MXN', 'MXN', '1', 0, '2022-07-22 10:55:15'),
(102, 'MXV', 'MXV', 'MXV', '1', 0, '2022-07-22 10:55:15'),
(103, 'MYR', 'MYR', 'MYR', '1', 0, '2022-07-22 10:55:15'),
(104, 'MZN', 'MZN', 'MZN', '1', 0, '2022-07-22 10:55:15'),
(105, 'NAD', 'NAD', 'NAD', '1', 0, '2022-07-30 09:32:37'),
(106, 'NGN', 'NGN', 'NGN', '1', 0, '2022-12-30 06:20:42'),
(107, 'NIO', 'NIO', 'NIO', '1', 0, '2022-07-22 10:55:15'),
(108, 'NOK', 'NOK', 'NOK', '1', 0, '2022-07-22 10:55:15'),
(109, 'NPR', 'NPR', 'NPR', '1', 0, '2022-07-22 10:55:15'),
(110, 'NZD', 'NZD', 'NZD', '1', 0, '2022-07-22 10:55:15'),
(111, 'OMR', 'OMR', 'OMR', '1', 0, '2022-07-22 10:55:15'),
(112, 'PAB', 'PAB', 'PAB', '1', 0, '2022-07-22 10:55:15'),
(113, 'PEN', 'PEN', 'PEN', '1', 0, '2022-07-22 10:55:15'),
(114, 'PGK', 'PGK', 'PGK', '1', 0, '2022-07-22 10:55:15'),
(115, 'PHP', 'PHP', 'PHP', '1', 0, '2022-07-22 10:55:15'),
(116, 'PKR', 'PKR', 'PKR', '1', 0, '2022-12-30 06:20:19'),
(117, 'PLN', 'PLN', 'PLN', '1', 0, '2022-07-22 10:55:15'),
(118, 'PYG', 'PYG', 'PYG', '1', 0, '2022-07-22 10:55:15'),
(119, 'QAR', 'QAR', 'QAR', '1', 0, '2022-07-22 10:55:15'),
(120, 'RON', 'RON', 'RON', '1', 0, '2022-07-22 10:55:15'),
(121, 'RSD', 'RSD', 'RSD', '1', 0, '2022-07-22 10:55:15'),
(122, 'RUB', 'RUB', 'RUB', '1', 0, '2022-12-30 06:20:16'),
(123, 'RWF', 'RWF', 'RWF', '1', 0, '2022-07-22 10:55:15'),
(124, 'SAR', 'SAR', 'SAR', '1', 0, '2022-07-22 10:55:15'),
(125, 'SBD', 'SBD', 'SBD', '1', 0, '2022-07-22 10:55:15'),
(126, 'SCR', 'SCR', 'SCR', '1', 0, '2022-07-22 10:55:15'),
(127, 'SDG', 'SDG', 'SDG', '1', 0, '2022-07-22 10:55:15'),
(128, 'SEK', 'SEK', 'SEK', '1', 0, '2022-07-22 10:55:15'),
(129, 'SGD', 'SGD', 'SGD', '1', 0, '2022-07-22 10:55:15'),
(130, 'SHP', 'SHP', 'SHP', '1', 0, '2022-07-22 10:55:15'),
(131, 'SLL', 'SLL', 'SLL', '1', 0, '2022-07-22 10:55:15'),
(132, 'SOS', 'SOS', 'SOS', '1', 0, '2022-07-22 10:55:15'),
(133, 'SRD', 'SRD', 'SRD', '1', 0, '2022-07-22 10:55:15'),
(134, 'SSP', 'SSP', 'SSP', '1', 0, '2022-07-22 10:55:15'),
(135, 'STD', 'STD', 'STD', '1', 0, '2022-07-22 10:55:15'),
(136, 'SVC', 'SVC', 'SVC', '1', 0, '2022-07-22 10:55:15'),
(137, 'SYP', 'SYP', 'SYP', '1', 0, '2022-07-22 10:55:15'),
(138, 'SZL', 'SZL', 'SZL', '1', 0, '2022-07-22 10:55:15'),
(139, 'THB', 'THB', 'THB', '1', 0, '2022-07-22 10:55:15'),
(140, 'TJS', 'TJS', 'TJS', '1', 0, '2022-07-22 10:55:15'),
(141, 'TMT', 'TMT', 'TMT', '1', 0, '2022-07-22 10:55:15'),
(142, 'TND', 'TND', 'TND', '1', 0, '2022-07-22 10:55:15'),
(143, 'TOP', 'TOP', 'TOP', '1', 0, '2022-07-22 10:55:15'),
(144, 'TRY', 'TRY', 'TRY', '1', 0, '2022-07-22 10:55:15'),
(145, 'TTD', 'TTD', 'TTD', '1', 0, '2022-07-22 10:55:15'),
(146, 'TWD', 'TWD', 'TWD', '1', 0, '2022-07-22 10:55:15'),
(147, 'TZS', 'TZS', 'TZS', '1', 0, '2022-07-22 10:55:15'),
(148, 'UAH', 'UAH', 'UAH', '1', 0, '2022-07-22 10:55:15'),
(149, 'UGX', 'UGX', 'UGX', '1', 0, '2022-07-22 10:55:15'),
(150, 'USD', 'USD', '$', '1', 0, '2023-12-21 06:20:21'),
(151, 'USN', 'USN', 'USN', '1', 0, '2022-12-30 06:20:03'),
(152, 'UYI', 'UYI', 'UYI', '1', 0, '2022-07-22 10:55:15'),
(153, 'UYU', 'UYU', 'UYU', '1', 0, '2022-07-22 10:55:15'),
(154, 'UZS', 'UZS', 'UZS', '1', 0, '2022-07-22 10:55:15'),
(155, 'VEF', 'VEF', 'VEF', '1', 0, '2022-07-22 10:55:15'),
(156, 'VND', 'VND', 'VND', '1', 0, '2022-07-22 10:55:15'),
(157, 'VUV', 'VUV', 'VUV', '1', 0, '2022-07-22 10:55:15'),
(158, 'WST', 'WST', 'WST', '1', 0, '2022-07-22 10:55:15'),
(159, 'XAF', 'XAF', 'XAF', '1', 0, '2022-07-22 10:55:15'),
(160, 'XAG', 'XAG', 'XAG', '1', 0, '2022-07-22 10:55:15'),
(161, 'XAU', 'XAU', 'XAU', '1', 0, '2022-07-22 10:55:15'),
(162, 'XBA', 'XBA', 'XBA', '1', 0, '2022-07-22 10:55:15'),
(163, 'XBB', 'XBB', 'XBB', '1', 0, '2022-07-22 10:55:15'),
(164, 'XBC', 'XBC', 'XBC', '1', 0, '2022-07-22 10:55:15'),
(165, 'XBD', 'XBD', 'XBD', '1', 0, '2022-07-22 10:55:15'),
(166, 'XCD', 'XCD', 'XCD', '1', 0, '2022-07-22 10:55:15'),
(167, 'XDR', 'XDR', 'XDR', '1', 0, '2022-07-22 10:55:15'),
(168, 'XOF', 'XOF', 'XOF', '1', 0, '2022-07-22 10:55:15'),
(169, 'XPD', 'XPD', 'XPD', '1', 0, '2022-07-22 10:55:15'),
(170, 'XPF', 'XPF', 'XPF', '1', 0, '2022-07-22 10:55:15'),
(171, 'XPT', 'XPT', 'XPT', '1', 0, '2022-07-22 10:55:15'),
(172, 'XSU', 'XSU', 'XSU', '1', 0, '2022-07-22 10:55:15'),
(173, 'XTS', 'XTS', 'XTS', '1', 0, '2022-07-22 10:55:15'),
(174, 'XUA', 'XUA', 'XUA', '1', 0, '2022-07-22 10:55:15'),
(175, 'XXX', 'XXX', 'XXX', '1', 0, '2022-07-22 10:55:15'),
(176, 'YER', 'YER', 'YER', '1', 0, '2022-07-22 10:55:15'),
(177, 'ZAR', 'ZAR', 'ZAR', '1', 0, '2022-12-30 06:20:07'),
(178, 'ZMW', 'ZMW', 'ZMW', '1', 0, '2022-07-30 07:34:00'),
(179, 'ZWL', 'ZWL', 'ZWL', '1', 0, '2022-07-22 10:55:15');


-- roles
INSERT INTO `roles` (`id`, `name`, `slug`, `is_active`, `is_system`, `is_superadmin`, `created_at`, `updated_at`) VALUES
(1, 'ADMIN', NULL, 0, 1, 0, '2025-06-29 05:31:10', NULL),
(2, 'TEACHER', NULL, 0, 1, 0, '2024-07-18 07:53:58', NULL),
(3, 'ACCOUNTANT', NULL, 0, 1, 0, '2025-06-29 05:31:23', NULL),
(4, 'LIBRARIAN', NULL, 0, 1, 0, '2025-06-29 05:31:37', NULL),
(6, 'RECEPTIONIST', NULL, 0, 1, 0, '2025-06-29 05:31:51', NULL),
(7, 'Super Admin', NULL, 0, 1, 1, '2018-07-11 14:11:29', NULL),
(8, 'IT STAFF', NULL, 0, 0, 0, '2024-03-20 06:25:52', NULL),
(9, 'COORDINATOR', NULL, 0, 0, 0, '2024-04-26 07:48:02', NULL),
(11, 'HR', NULL, 0, 0, 0, '2024-07-18 08:23:03', NULL),
(12, 'TRANSPORT', NULL, 0, 0, 0, '2024-07-19 03:35:10', NULL),
(13, 'HELPING', NULL, 0, 0, 0, '2025-06-29 05:32:10', NULL);


-- permission_group
INSERT INTO `permission_group` (`id`, `name`, `short_code`, `is_active`, `system`, `created_at`) VALUES
(1, 'Student Information', 'student_information', 1, 1, '2019-03-15 09:30:22'),
(2, 'Fees Collection', 'fees_collection', 1, 0, '2020-06-11 00:51:35'),
(3, 'Income', 'income', 1, 0, '2020-06-01 01:57:39'),
(4, 'Expense', 'expense', 1, 0, '2019-03-15 09:06:22'),
(5, 'Student Attendance', 'student_attendance', 1, 0, '2018-07-02 07:48:08'),
(6, 'Examination', 'examination', 1, 0, '2018-07-11 02:49:08'),
(7, 'Academics', 'academics', 1, 1, '2018-07-02 07:25:43'),
(8, 'Download Center', 'download_center', 1, 0, '2018-07-02 07:49:29'),
(9, 'Library', 'library', 1, 0, '2018-06-28 11:13:14'),
(10, 'Inventory', 'inventory', 1, 0, '2018-06-27 00:48:58'),
(11, 'Transport', 'transport', 1, 0, '2018-06-27 07:51:26'),
(12, 'Hostel', 'hostel', 1, 0, '2018-07-02 07:49:32'),
(13, 'Communicate', 'communicate', 1, 0, '2018-07-02 07:50:00'),
(14, 'Reports', 'reports', 1, 1, '2018-06-27 03:40:22'),
(15, 'System Settings', 'system_settings', 1, 1, '2018-06-27 03:40:28'),
(16, 'Front CMS', 'front_cms', 1, 0, '2018-07-10 05:16:54'),
(17, 'Front Office', 'front_office', 1, 0, '2018-06-27 03:45:30'),
(18, 'Human Resource', 'human_resource', 1, 1, '2018-06-27 03:41:02'),
(19, 'Homework', 'homework', 1, 0, '2018-06-27 00:49:38'),
(20, 'Certificate', 'certificate', 1, 0, '2018-06-27 07:51:29'),
(21, 'Calendar To Do List', 'calendar_to_do_list', 1, 0, '2019-03-15 09:06:25'),
(22, 'Dashboard and Widgets', 'dashboard_and_widgets', 1, 1, '2018-06-27 03:41:17'),
(23, 'Online Examination', 'online_examination', 1, 0, '2020-06-01 02:25:36'),
(25, 'Chat', 'chat', 1, 0, '2019-11-23 23:54:04'),
(26, 'Multi Class', 'multi_class', 1, 0, '2019-11-27 12:14:14'),
(27, 'Online Admission', 'online_admission', 1, 0, '2019-11-27 02:42:13'),
(28, 'Alumni', 'alumni', 1, 0, '2020-05-29 00:26:38'),
(29, 'Lesson Plan', 'lesson_plan', 1, 0, '2020-06-07 05:38:30'),
(101, 'Account/Finance', 'account_finance', 1, 1, '2023-12-17 12:58:19'),
(102, 'Finance Reports', 'finance_reports', 1, 1, '2023-12-17 12:58:30'),
(500, 'Zoom Live Classes', 'zoom_live_classes', 1, 0, '2020-06-10 05:37:23'),
(600, 'Gmeet', 'gmeet', 1, 0, '2023-12-24 13:45:17'),
(700, 'Online Course', 'online_course', 1, 0, '2021-05-15 03:35:53'),
(800, 'Behaviour Records', 'behaviour_records', 1, 0, '2022-05-03 04:50:33'),
(900, 'CBSE Examination', 'cbseexam', 1, 0, '2023-05-25 06:34:56'),
(1000, 'Multi Branch', 'multi_branch', 1, 0, '2022-11-17 05:23:36'),
(1200, 'QR Code Attendence', 'qr_code_attendence', 1, 0, '2023-12-13 03:51:57'),
(1300, 'Lead Management', 'lead_manager', 1, 1, '2024-02-24 15:23:27');


-- permission_category
INSERT INTO `permission_category` (`id`, `perm_group_id`, `name`, `short_code`, `enable_view`, `enable_add`, `enable_edit`, `enable_delete`, `created_at`) VALUES
(1, 1, 'Student', 'student', 1, 1, 1, 1, '2019-10-24 05:42:03'),
(2, 1, 'Import Student', 'import_student', 1, 0, 0, 0, '2018-06-22 10:17:19'),
(3, 1, 'Student Categories', 'student_categories', 1, 1, 1, 1, '2018-06-22 10:17:36'),
(4, 1, 'Student Houses', 'student_houses', 1, 1, 1, 1, '2018-06-22 10:17:53'),
(5, 2, 'Collect Fees', 'collect_fees', 1, 1, 0, 1, '2018-06-22 10:21:03'),
(6, 2, 'Fees Carry Forward', 'fees_carry_forward', 1, 0, 0, 0, '2018-06-27 00:18:15'),
(7, 2, 'Fees Master', 'fees_master', 1, 1, 1, 1, '2018-06-27 00:18:57'),
(8, 2, 'Fees Group', 'fees_group', 1, 1, 1, 1, '2018-06-22 10:21:46'),
(9, 3, 'Income', 'income', 1, 1, 1, 1, '2018-06-22 10:23:21'),
(10, 3, 'Income Head', 'income_head', 1, 1, 1, 1, '2018-06-22 10:22:44'),
(11, 3, 'Search Income', 'search_income', 1, 0, 0, 0, '2018-06-22 10:23:00'),
(12, 4, 'Expense', 'expense', 1, 1, 1, 1, '2018-06-22 10:24:06'),
(13, 4, 'Expense Head', 'expense_head', 1, 1, 1, 1, '2018-06-22 10:23:47'),
(14, 4, 'Search Expense', 'search_expense', 1, 0, 0, 0, '2018-06-22 10:24:13'),
(15, 5, 'Student / Period Attendance', 'student_attendance', 1, 1, 1, 0, '2019-11-29 01:19:05'),
(20, 6, 'Marks Grade', 'marks_grade', 1, 1, 1, 1, '2018-06-22 10:25:25'),
(21, 7, 'Class Timetable', 'class_timetable', 1, 0, 1, 0, '2019-11-24 03:05:17'),
(23, 7, 'Subject', 'subject', 1, 1, 1, 1, '2018-06-22 10:32:17'),
(24, 7, 'Class', 'class', 1, 1, 1, 1, '2018-06-22 10:32:35'),
(25, 7, 'Section', 'section', 1, 1, 1, 1, '2018-06-22 10:31:10'),
(26, 7, 'Promote Student', 'promote_student', 1, 0, 0, 0, '2018-06-22 10:32:47'),
(27, 8, 'Upload Content', 'upload_content', 1, 1, 0, 1, '2018-06-22 10:33:19'),
(28, 9, 'Books List', 'books', 1, 1, 1, 1, '2019-11-24 00:37:12'),
(29, 9, 'Issue Return', 'issue_return', 1, 0, 0, 0, '2019-11-24 00:37:18'),
(30, 9, 'Add Staff Member', 'add_staff_member', 1, 0, 0, 0, '2018-07-02 11:37:00'),
(31, 10, 'Issue Item', 'issue_item', 1, 1, 1, 1, '2019-11-29 06:39:27'),
(32, 10, 'Add Item Stock', 'item_stock', 1, 1, 1, 1, '2019-11-24 00:39:17'),
(33, 10, 'Add Item', 'item', 1, 1, 1, 1, '2019-11-24 00:39:39'),
(34, 10, 'Item Store', 'store', 1, 1, 1, 1, '2019-11-24 00:40:41'),
(35, 10, 'Item Supplier', 'supplier', 1, 1, 1, 1, '2019-11-24 00:40:49'),
(37, 11, 'Routes', 'routes', 1, 1, 1, 1, '2018-06-22 10:39:17'),
(38, 11, 'Vehicle', 'vehicle', 1, 1, 1, 1, '2018-06-22 10:39:36'),
(39, 11, 'Assign Vehicle', 'assign_vehicle', 1, 1, 1, 1, '2018-06-27 04:39:20'),
(40, 12, 'Hostel', 'hostel', 1, 1, 1, 1, '2018-06-22 10:40:49'),
(41, 12, 'Room Type', 'room_type', 1, 1, 1, 1, '2018-06-22 10:40:27'),
(42, 12, 'Hostel Rooms', 'hostel_rooms', 1, 1, 1, 1, '2018-06-25 06:23:03'),
(43, 13, 'Notice Board', 'notice_board', 1, 1, 1, 1, '2018-06-22 10:41:17'),
(44, 13, 'Email', 'email', 1, 0, 0, 0, '2019-11-26 05:20:37'),
(46, 13, 'Email / SMS Log', 'email_sms_log', 1, 0, 0, 0, '2018-06-22 10:41:23'),
(53, 15, 'Languages', 'languages', 0, 1, 0, 1, '2021-01-23 07:09:32'),
(54, 15, 'General Setting', 'general_setting', 1, 0, 1, 0, '2018-07-05 09:08:35'),
(55, 15, 'Session Setting', 'session_setting', 1, 1, 1, 1, '2018-06-22 10:44:15'),
(56, 15, 'Notification Setting', 'notification_setting', 1, 0, 1, 0, '2018-07-05 09:08:41'),
(57, 15, 'SMS Setting', 'sms_setting', 1, 0, 1, 0, '2018-07-05 09:08:47'),
(58, 15, 'Email Setting', 'email_setting', 1, 0, 1, 0, '2018-07-05 09:08:51'),
(59, 15, 'Front CMS Setting', 'front_cms_setting', 1, 0, 1, 0, '2018-07-05 09:08:55'),
(60, 15, 'Payment Methods', 'payment_methods', 1, 0, 1, 0, '2018-07-05 09:08:59'),
(61, 16, 'Menus', 'menus', 1, 1, 0, 1, '2018-07-09 03:50:06'),
(62, 16, 'Media Manager', 'media_manager', 1, 1, 0, 1, '2018-07-09 03:50:26'),
(63, 16, 'Banner Images', 'banner_images', 1, 1, 0, 1, '2018-06-22 10:46:02'),
(64, 16, 'Pages', 'pages', 1, 1, 1, 1, '2018-06-22 10:46:21'),
(65, 16, 'Gallery', 'gallery', 1, 1, 1, 1, '2018-06-22 10:47:02'),
(66, 16, 'Event', 'event', 1, 1, 1, 1, '2018-06-22 10:47:20'),
(67, 16, 'News', 'notice', 1, 1, 1, 1, '2018-07-03 08:39:34'),
(68, 2, 'Fees Group Assign', 'fees_group_assign', 1, 0, 0, 0, '2018-06-22 10:20:42'),
(69, 2, 'Fees Type', 'fees_type', 1, 1, 1, 1, '2018-06-22 10:19:34'),
(70, 2, 'Fees Discount', 'fees_discount', 1, 1, 1, 1, '2018-06-22 10:20:10'),
(71, 2, 'Fees Discount Assign', 'fees_discount_assign', 1, 0, 0, 0, '2018-06-22 10:20:17'),
(73, 2, 'Search Fees Payment', 'search_fees_payment', 1, 0, 0, 0, '2018-06-22 10:20:27'),
(74, 2, 'Search Due Fees', 'search_due_fees', 1, 0, 0, 0, '2018-06-22 10:20:35'),
(77, 7, 'Assign Class Teacher', 'assign_class_teacher', 1, 1, 1, 1, '2018-06-22 10:30:52'),
(78, 17, 'Admission Enquiry', 'admission_enquiry', 1, 1, 1, 1, '2018-06-22 10:51:24'),
(79, 17, 'Follow Up Admission Enquiry', 'follow_up_admission_enquiry', 1, 1, 0, 1, '2018-06-22 10:51:39'),
(80, 17, 'Visitor Book', 'visitor_book', 1, 1, 1, 1, '2018-06-22 10:48:58'),
(81, 17, 'Phone Call Log', 'phone_call_log', 1, 1, 1, 1, '2018-06-22 10:50:57'),
(82, 17, 'Postal Dispatch', 'postal_dispatch', 1, 1, 1, 1, '2018-06-22 10:50:21'),
(83, 17, 'Postal Receive', 'postal_receive', 1, 1, 1, 1, '2018-06-22 10:50:04'),
(84, 17, 'Complain', 'complaint', 1, 1, 1, 1, '2018-07-03 08:40:55'),
(85, 17, 'Setup Font Office', 'setup_font_office', 1, 1, 1, 1, '2018-06-22 10:49:24'),
(86, 18, 'Staff', 'staff', 1, 1, 1, 1, '2018-06-22 10:53:31'),
(87, 18, 'Disable Staff', 'disable_staff', 1, 0, 0, 0, '2018-06-22 10:53:12'),
(88, 18, 'Staff Attendance', 'staff_attendance', 1, 1, 1, 0, '2018-06-22 10:53:10'),
(90, 18, 'Staff Payroll', 'staff_payroll', 1, 1, 0, 1, '2018-06-22 10:52:51'),
(93, 19, 'Homework', 'homework', 1, 1, 1, 1, '2018-06-22 10:53:50'),
(94, 19, 'Homework Evaluation', 'homework_evaluation', 1, 1, 0, 0, '2018-06-27 03:07:21'),
(96, 20, 'Student Certificate', 'student_certificate', 1, 1, 1, 1, '2018-07-06 10:41:07'),
(97, 20, 'Generate Certificate', 'generate_certificate', 1, 0, 0, 0, '2018-07-06 10:37:16'),
(98, 20, 'Student ID Card', 'student_id_card', 1, 1, 1, 1, '2018-07-06 10:41:28'),
(99, 20, 'Generate ID Card', 'generate_id_card', 1, 0, 0, 0, '2018-07-06 10:41:49'),
(102, 21, 'Calendar To Do List', 'calendar_to_do_list', 1, 1, 1, 1, '2018-06-22 10:54:41'),
(104, 10, 'Item Category', 'item_category', 1, 1, 1, 1, '2018-06-22 10:34:33'),
(106, 22, 'Quick Session Change', 'quick_session_change', 1, 0, 0, 0, '2018-06-22 10:54:45'),
(107, 1, 'Disable Student', 'disable_student', 1, 0, 0, 0, '2018-06-25 06:21:34'),
(108, 18, ' Approve Leave Request', 'approve_leave_request', 1, 0, 1, 1, '2020-10-05 08:56:27'),
(109, 18, 'Apply Leave', 'apply_leave', 1, 1, 0, 0, '2019-11-28 23:47:46'),
(110, 18, 'Leave Types ', 'leave_types', 1, 1, 1, 1, '2018-07-02 10:17:56'),
(111, 18, 'Department', 'department', 1, 1, 1, 1, '2018-06-26 03:57:07'),
(112, 18, 'Designation', 'designation', 1, 1, 1, 1, '2018-06-26 03:57:07'),
(113, 22, 'Fees Collection And Expense Monthly Chart', 'fees_collection_and_expense_monthly_chart', 1, 0, 0, 0, '2018-07-03 07:08:15'),
(114, 22, 'Fees Collection And Expense Yearly Chart', 'fees_collection_and_expense_yearly_chart', 1, 0, 0, 0, '2018-07-03 07:08:15'),
(115, 22, 'Monthly Fees Collection Widget', 'Monthly fees_collection_widget', 1, 0, 0, 0, '2018-07-03 07:13:35'),
(116, 22, 'Monthly Expense Widget', 'monthly_expense_widget', 1, 0, 0, 0, '2018-07-03 07:13:35'),
(117, 22, 'Student Count Widget', 'student_count_widget', 1, 0, 0, 0, '2018-07-03 07:13:35'),
(118, 22, 'Staff Role Count Widget', 'staff_role_count_widget', 1, 0, 0, 0, '2018-07-03 07:13:35'),
(122, 5, 'Attendance By Date', 'attendance_by_date', 1, 0, 0, 0, '2018-07-03 08:42:29'),
(123, 9, 'Add Student', 'add_student', 1, 0, 0, 0, '2018-07-03 08:42:29'),
(126, 15, 'User Status', 'user_status', 1, 0, 0, 0, '2018-07-03 08:42:29'),
(127, 18, 'Can See Other Users Profile', 'can_see_other_users_profile', 1, 0, 0, 0, '2018-07-03 08:42:29'),
(128, 1, 'Student Timeline', 'student_timeline', 1, 1, 1, 1, '2022-12-28 09:52:24'),
(129, 18, 'Staff Timeline', 'staff_timeline', 1, 1, 1, 1, '2022-12-28 09:52:24'),
(130, 15, 'Backup', 'backup', 1, 1, 0, 1, '2018-07-09 04:17:17'),
(131, 15, 'Restore', 'restore', 1, 0, 0, 0, '2018-07-09 04:17:17'),
(134, 1, 'Disable Reason', 'disable_reason', 1, 1, 1, 1, '2019-11-27 06:39:21'),
(135, 2, 'Fees Reminder', 'fees_reminder', 1, 0, 1, 0, '2019-10-25 00:39:49'),
(136, 5, 'Approve Leave', 'approve_leave', 1, 1, 1, 1, '2022-12-28 09:52:24'),
(137, 6, 'Exam Group', 'exam_group', 1, 1, 1, 1, '2019-10-25 01:02:34'),
(141, 6, 'Design Admit Card', 'design_admit_card', 1, 1, 1, 1, '2019-10-25 01:06:59'),
(142, 6, 'Print Admit Card', 'print_admit_card', 1, 0, 0, 0, '2019-11-23 23:57:51'),
(143, 6, 'Design Marksheet', 'design_marksheet', 1, 1, 1, 1, '2019-10-25 01:10:25'),
(144, 6, 'Print Marksheet', 'print_marksheet', 1, 0, 0, 0, '2019-10-25 01:11:02'),
(145, 7, 'Teachers Timetable', 'teachers_time_table', 1, 0, 0, 0, '2019-11-30 02:52:21'),
(146, 14, 'Student Report', 'student_report', 1, 0, 0, 0, '2019-10-25 01:27:00'),
(147, 14, 'Guardian Report', 'guardian_report', 1, 0, 0, 0, '2019-10-25 01:30:27'),
(148, 14, 'Student History', 'student_history', 1, 0, 0, 0, '2019-10-25 01:39:07'),
(149, 14, 'Student Login Credential Report', 'student_login_credential_report', 1, 0, 0, 0, '2019-10-25 01:39:07'),
(150, 14, 'Class Subject Report', 'class_subject_report', 1, 0, 0, 0, '2019-10-25 01:39:07'),
(151, 14, 'Admission Report', 'admission_report', 1, 0, 0, 0, '2019-10-25 01:39:07'),
(152, 14, 'Sibling Report', 'sibling_report', 1, 0, 0, 0, '2019-10-25 01:39:07'),
(153, 14, 'Homework Evaluation Report', 'homehork_evaluation_report', 1, 0, 0, 0, '2019-11-24 01:04:24'),
(154, 14, 'Student Profile', 'student_profile', 1, 0, 0, 0, '2019-10-25 01:39:07'),
(155, 14, 'Fees Statement', 'fees_statement', 1, 0, 0, 0, '2019-10-25 01:55:52'),
(156, 14, 'Balance Fees Report', 'balance_fees_report', 1, 0, 0, 0, '2019-10-25 01:55:52'),
(157, 14, 'Fees Collection Report', 'fees_collection_report', 1, 0, 0, 0, '2019-10-25 01:55:52'),
(158, 14, 'Online Fees Collection Report', 'online_fees_collection_report', 1, 0, 0, 0, '2019-10-25 01:55:52'),
(159, 14, 'Income Report', 'income_report', 1, 0, 0, 0, '2019-10-25 01:55:52'),
(160, 14, 'Expense Report', 'expense_report', 1, 0, 0, 0, '2019-10-25 01:55:52'),
(161, 14, 'PayRoll Report', 'payroll_report', 1, 0, 0, 0, '2019-10-31 00:23:22'),
(162, 14, 'Income Group Report', 'income_group_report', 1, 0, 0, 0, '2019-10-25 01:55:52'),
(163, 14, 'Expense Group Report', 'expense_group_report', 1, 0, 0, 0, '2019-10-25 01:55:52'),
(164, 14, 'Attendance Report', 'attendance_report', 1, 0, 0, 0, '2019-10-25 02:08:06'),
(165, 14, 'Staff Attendance Report', 'staff_attendance_report', 1, 0, 0, 0, '2019-10-25 02:08:06'),
(174, 14, 'Transport Report', 'transport_report', 1, 0, 0, 0, '2019-10-25 02:13:56'),
(175, 14, 'Hostel Report', 'hostel_report', 1, 0, 0, 0, '2019-11-27 06:51:53'),
(176, 14, 'Audit Trail Report', 'audit_trail_report', 1, 0, 0, 0, '2019-10-25 02:16:39'),
(177, 14, 'User Log', 'user_log', 1, 0, 0, 0, '2019-10-25 02:19:27'),
(178, 14, 'Book Issue Report', 'book_issue_report', 1, 0, 0, 0, '2019-10-25 02:29:04'),
(179, 14, 'Book Due Report', 'book_due_report', 1, 0, 0, 0, '2019-10-25 02:29:04'),
(180, 14, 'Book Inventory Report', 'book_inventory_report', 1, 0, 0, 0, '2019-10-25 02:29:04'),
(181, 14, 'Stock Report', 'stock_report', 1, 0, 0, 0, '2019-10-25 02:31:28'),
(182, 14, 'Add Item Report', 'add_item_report', 1, 0, 0, 0, '2019-10-25 02:31:28'),
(183, 14, 'Issue Item Report', 'issue_item_report', 1, 0, 0, 0, '2019-11-29 03:48:06'),
(185, 23, 'Online Examination', 'online_examination', 1, 1, 1, 1, '2019-11-23 23:54:50'),
(186, 23, 'Question Bank', 'question_bank', 1, 1, 1, 1, '2019-11-23 23:55:18'),
(187, 6, 'Exam Result', 'exam_result', 1, 0, 0, 0, '2019-11-23 23:58:50'),
(188, 7, 'Subject Group', 'subject_group', 1, 1, 1, 1, '2019-11-24 00:34:32'),
(189, 18, 'Teachers Rating', 'teachers_rating', 1, 0, 1, 1, '2019-11-24 03:12:54'),
(190, 22, 'Fees Awaiting Payment Widegts', 'fees_awaiting_payment_widegts', 1, 0, 0, 0, '2019-11-24 00:52:51'),
(191, 22, 'Conveted Leads Widegts', 'conveted_leads_widegts', 1, 0, 0, 0, '2019-11-24 00:58:24'),
(192, 22, 'Fees Overview Widegts', 'fees_overview_widegts', 1, 0, 0, 0, '2019-11-24 00:57:41'),
(193, 22, 'Enquiry Overview Widegts', 'enquiry_overview_widegts', 1, 0, 0, 0, '2019-12-02 05:06:09'),
(194, 22, 'Library Overview Widegts', 'book_overview_widegts', 1, 0, 0, 0, '2019-12-01 01:13:04'),
(195, 22, 'Student Today Attendance Widegts', 'today_attendance_widegts', 1, 0, 0, 0, '2019-12-03 04:57:45'),
(196, 6, 'Marks Import', 'marks_import', 1, 0, 0, 0, '2019-11-24 01:02:11'),
(197, 14, 'Student Attendance Type Report', 'student_attendance_type_report', 1, 0, 0, 0, '2019-11-24 01:06:32'),
(198, 14, 'Exam Marks Report', 'exam_marks_report', 1, 0, 0, 0, '2019-11-24 01:11:15'),
(200, 14, 'Online Exam Wise Report', 'online_exam_wise_report', 1, 0, 0, 0, '2019-11-24 01:18:14'),
(201, 14, 'Online Exams Report', 'online_exams_report', 1, 0, 0, 0, '2019-11-29 02:48:05'),
(202, 14, 'Online Exams Attempt Report', 'online_exams_attempt_report', 1, 0, 0, 0, '2019-11-29 02:46:24'),
(203, 14, 'Online Exams Rank Report', 'online_exams_rank_report', 1, 0, 0, 0, '2019-11-24 01:22:25'),
(204, 14, 'Staff Report', 'staff_report', 1, 0, 0, 0, '2019-11-24 01:25:27'),
(205, 6, 'Exam', 'exam', 1, 1, 1, 1, '2019-11-24 04:55:48'),
(207, 6, 'Exam Publish', 'exam_publish', 1, 0, 0, 0, '2019-11-24 05:15:04'),
(208, 6, 'Link Exam', 'link_exam', 1, 0, 1, 0, '2019-11-24 05:15:04'),
(210, 6, 'Assign / View student', 'exam_assign_view_student', 1, 0, 1, 0, '2019-11-24 05:15:04'),
(211, 6, 'Exam Subject', 'exam_subject', 1, 0, 1, 0, '2019-11-24 05:15:04'),
(212, 6, 'Exam Marks', 'exam_marks', 1, 0, 1, 0, '2019-11-24 05:15:04'),
(213, 15, 'Language Switcher', 'language_switcher', 1, 0, 0, 0, '2019-11-24 05:17:11'),
(214, 23, 'Add Questions in Exam ', 'add_questions_in_exam', 1, 0, 1, 0, '2019-11-28 01:38:57'),
(215, 15, 'Custom Fields', 'custom_fields', 1, 0, 0, 0, '2019-11-29 04:08:35'),
(216, 15, 'System Fields', 'system_fields', 1, 0, 0, 0, '2019-11-25 00:15:01'),
(217, 13, 'SMS', 'sms', 1, 0, 0, 0, '2018-06-22 10:40:54'),
(219, 14, 'Student / Period Attendance Report', 'student_period_attendance_report', 1, 0, 0, 0, '2019-11-29 02:19:31'),
(220, 14, 'Biometric Attendance Log', 'biometric_attendance_log', 1, 0, 0, 0, '2019-11-27 05:59:16'),
(221, 14, 'Book Issue Return Report', 'book_issue_return_report', 1, 0, 0, 0, '2019-11-27 06:30:23'),
(222, 23, 'Assign / View Student', 'online_assign_view_student', 1, 0, 1, 0, '2019-11-28 04:20:22'),
(223, 14, 'Rank Report', 'rank_report', 1, 0, 0, 0, '2019-11-29 02:30:21'),
(224, 25, 'Chat', 'chat', 1, 0, 0, 0, '2019-11-29 04:10:28'),
(226, 22, 'Income Donut Graph', 'income_donut_graph', 1, 0, 0, 0, '2019-11-29 05:00:33'),
(227, 22, 'Expense Donut Graph', 'expense_donut_graph', 1, 0, 0, 0, '2019-11-29 05:01:10'),
(228, 9, 'Import Book', 'import_book', 1, 0, 0, 0, '2019-11-29 06:21:01'),
(229, 22, 'Staff Present Today Widegts', 'staff_present_today_widegts', 1, 0, 0, 0, '2019-11-29 06:48:00'),
(230, 22, 'Student Present Today Widegts', 'student_present_today_widegts', 1, 0, 0, 0, '2019-11-29 06:47:42'),
(231, 26, 'Multi Class Student', 'multi_class_student', 1, 1, 1, 1, '2020-10-05 08:56:27'),
(232, 27, 'Online Admission', 'online_admission', 1, 0, 1, 1, '2019-12-02 06:11:10'),
(233, 15, 'Print Header Footer', 'print_header_footer', 1, 0, 0, 0, '2020-02-12 02:02:02'),
(234, 28, 'Manage Alumni', 'manage_alumni', 1, 1, 1, 1, '2020-06-02 03:15:46'),
(235, 28, 'Events', 'events', 1, 1, 1, 1, '2020-05-28 21:48:52'),
(236, 29, 'Manage Lesson Plan', 'manage_lesson_plan', 1, 1, 1, 0, '2020-05-28 22:17:37'),
(237, 29, 'Manage Syllabus Status', 'manage_syllabus_status', 1, 0, 1, 0, '2020-05-28 22:20:11'),
(238, 29, 'Lesson', 'lesson', 1, 1, 1, 1, '2020-05-28 22:20:11'),
(239, 29, 'Topic', 'topic', 1, 1, 1, 1, '2020-05-28 22:20:11'),
(240, 14, 'Syllabus Status Report', 'syllabus_status_report', 1, 0, 0, 0, '2020-05-28 23:17:54'),
(241, 14, 'Teacher Syllabus Status Report', 'teacher_syllabus_status_report', 1, 0, 0, 0, '2020-05-28 23:17:54'),
(242, 14, 'Alumni Report', 'alumni_report', 1, 0, 0, 0, '2020-06-07 23:59:54'),
(243, 15, 'Student Profile Update', 'student_profile_update', 1, 0, 0, 0, '2020-08-21 05:36:33'),
(244, 14, 'Student Gender Ratio Report', 'student_gender_ratio_report', 1, 0, 0, 0, '2020-08-22 12:37:51'),
(245, 14, 'Student Teacher Ratio Report', 'student_teacher_ratio_report', 1, 0, 0, 0, '2020-08-22 12:42:27'),
(246, 14, 'Daily Attendance Report', 'daily_attendance_report', 1, 0, 0, 0, '2020-08-22 12:43:16'),
(247, 23, 'Import Question', 'import_question', 1, 0, 0, 0, '2019-11-23 18:25:18'),
(248, 20, 'Staff ID Card', 'staff_id_card', 1, 1, 1, 1, '2018-07-06 10:41:28'),
(249, 20, 'Generate Staff ID Card', 'generate_staff_id_card', 1, 0, 0, 0, '2018-07-06 10:41:49'),
(250, 19, 'Daily Assignment', 'daily_assignment', 1, 0, 0, 0, '2022-03-02 07:28:23'),
(251, 6, 'Marks Division', 'marks_division', 1, 1, 1, 1, '2022-07-01 15:24:16'),
(252, 13, 'Schedule Email SMS Log', 'schedule_email_sms_log', 1, 0, 1, 0, '2022-07-09 11:25:16'),
(253, 13, 'Login Credentials Send', 'login_credentials_send', 1, 0, 0, 0, '2022-07-01 15:46:10'),
(254, 13, 'Email Template', 'email_template', 1, 1, 1, 1, '2022-07-01 15:46:10'),
(255, 13, 'SMS Template', 'sms_template', 1, 1, 1, 1, '2022-07-01 15:46:10'),
(256, 14, 'Balance Fees Report With Remark', 'balance_fees_report_with_remark', 1, 0, 0, 0, '2019-10-25 01:55:52'),
(257, 14, 'Balance Fees Statement', 'balance_fees_statement', 1, 0, 0, 0, '2019-10-25 01:55:52'),
(258, 14, 'Daily Collection Report', 'daily_collection_report', 1, 0, 0, 0, '2019-10-25 01:55:52'),
(259, 11, 'Fees Master', 'transport_fees_master', 1, 0, 1, 0, '2022-07-05 09:29:19'),
(260, 11, 'Pickup Point', 'pickup_point', 1, 1, 1, 1, '2022-07-04 09:50:08'),
(261, 11, 'Route Pickup Point', 'route_pickup_point', 1, 1, 1, 1, '2022-07-04 09:50:08'),
(262, 11, 'Student Transport Fees', 'student_transport_fees', 1, 1, 1, 0, '2022-07-05 10:15:55'),
(263, 29, 'Comments', 'lesson_plan_comments', 1, 1, 0, 1, '2020-05-28 22:20:11'),
(264, 15, 'Sidebar Menu', 'sidebar_menu', 1, 0, 0, 0, '2022-07-11 12:01:17'),
(265, 15, 'Currency', 'currency', 1, 0, 0, 0, '2020-08-21 05:36:33'),
(266, 6, 'Exam Schedule', 'exam_schedule', 1, 0, 0, 0, '2019-11-23 23:58:50'),
(267, 6, 'Generate Rank', 'generate_rank', 1, 0, 0, 0, '2019-11-24 05:15:04'),
(268, 8, 'Content Type', 'content_type', 1, 1, 1, 1, '2022-07-08 05:18:54'),
(269, 8, 'Content Share List', 'content_share_list', 1, 0, 0, 1, '2022-07-08 05:18:58'),
(270, 8, 'Video Tutorial', 'video_tutorial', 1, 1, 1, 1, '2022-07-08 05:19:01'),
(271, 15, 'Currency Switcher', 'currency_switcher', 1, 0, 0, 0, '2019-11-24 05:17:11'),
(272, 2, 'Offline Bank Payments', 'offline_bank_payments', 1, 0, 0, 0, '2018-06-27 00:18:15'),
(273, 29, 'Copy Old Lessons', 'copy_old_lesson', 1, 0, 0, 0, '2020-05-28 22:20:11'),
(274, 101, 'Accounts', 'accounts', 1, 1, 1, 1, '2020-05-28 22:20:11'),
(275, 101, 'Accounts', 'entries', 1, 1, 1, 1, '2020-05-28 22:20:11'),
(276, 102, 'Reports', 'balancesheet', 1, 1, 1, 1, '2023-12-17 12:41:52'),
(277, 102, 'Reports', 'profitloss', 1, 1, 1, 1, '2023-12-17 12:41:54'),
(278, 102, 'Reports', 'trialbalance', 1, 1, 1, 1, '2023-12-17 12:41:56'),
(279, 102, 'Reports', 'index', 1, 1, 1, 1, '2023-12-17 12:41:56'),
(5001, 500, 'Setting', 'setting', 1, 0, 1, 0, '2020-06-10 05:39:04'),
(5002, 500, 'Live Classes', 'live_classes', 1, 1, 0, 1, '2020-05-31 07:41:32'),
(5003, 500, 'Live Meeting', 'live_meeting', 1, 1, 0, 1, '2020-06-01 04:41:41'),
(5004, 500, 'Live Meeting Report', 'live_meeting_report', 1, 0, 0, 0, '2020-06-09 21:07:40'),
(5005, 500, 'Live Classes Report', 'live_classes_report', 1, 0, 0, 0, '2020-06-09 22:29:53'),
(6001, 600, 'Live Classes', 'live_classes', 1, 1, 0, 1, '2023-12-24 13:46:00'),
(6002, 600, 'Live Meeting', 'live_meeting', 1, 1, 0, 1, '2023-12-24 13:46:07'),
(6004, 600, 'Classes Report', 'class_report', 1, 1, 0, 0, '2023-12-24 13:46:49'),
(6100, 600, 'Setting', 'gmeet_setting', 1, 1, 1, 0, '2023-12-24 13:44:26'),
(7001, 700, 'Online Course', 'online_course', 1, 1, 1, 1, '2019-11-23 10:25:18'),
(7002, 700, 'Course Publish', 'course_publish', 1, 0, 0, 0, '2019-11-23 10:25:18'),
(7003, 700, 'Course Section', 'online_course_section', 1, 1, 1, 1, '2021-05-16 21:26:33'),
(7004, 700, 'Course Lesson', 'online_course_lesson', 1, 1, 1, 1, '2021-05-16 21:26:24'),
(7005, 700, 'Course Quiz', 'online_course_quiz', 1, 1, 1, 1, '2021-05-16 21:26:20'),
(7006, 700, 'Offline Payment', 'online_course_offline_payment', 1, 1, 0, 0, '2021-05-16 21:26:17'),
(7007, 700, 'Student Course Purchase Report', 'student_course_purchase_report', 1, 0, 0, 0, '2021-05-16 21:25:56'),
(7008, 700, 'Course Sell Count Report', 'course_sell_count_report', 1, 0, 0, 0, '2021-05-16 21:25:52'),
(7009, 700, 'Course Trending Report', 'course_trending_report', 1, 0, 0, 0, '2021-05-16 21:25:49'),
(7010, 700, 'Course Complete Report', 'course_complete_report', 1, 0, 0, 0, '2021-05-16 21:25:42'),
(7011, 700, 'Setting', 'online_course_setting', 1, 0, 0, 0, '2021-05-16 21:25:37'),
(7012, 700, 'Course Rating Report', 'course_rating_report', 1, 0, 0, 1, '2022-06-14 03:24:57'),
(7013, 700, 'Guest Report', 'guest_report', 1, 0, 1, 1, '2022-06-14 03:33:09'),
(7014, 700, 'Course Category', 'course_category', 1, 1, 1, 1, '2019-11-23 10:25:18'),
(8001, 800, 'Behaviour Records Assign Incident', 'behaviour_records_assign_incident', 1, 1, 0, 1, '2022-05-03 03:26:15'),
(8002, 800, 'Behaviour Records Incident', 'behaviour_records_incident', 1, 1, 1, 1, '2022-05-03 01:55:10'),
(8003, 800, 'Student Incident Report', 'student_incident_report', 1, 0, 0, 0, '2022-05-03 01:54:48'),
(8004, 800, 'Student Behaviour Rank Report', 'student_behaviour_rank_report', 1, 0, 0, 0, '2022-05-03 01:54:45'),
(8005, 800, 'Class Wise Rank Report', 'class_wise_rank_report', 1, 0, 0, 0, '2022-05-03 01:54:37'),
(8006, 800, 'Class Section Wise Rank Report', 'class_section_wise_rank_report', 1, 0, 0, 0, '2022-05-03 01:54:33'),
(8007, 800, 'House Wise Rank Report', 'house_wise_rank_report', 1, 0, 0, 0, '2022-05-03 01:54:30'),
(8008, 800, 'Incident Wise Report', 'incident_wise_report', 1, 0, 0, 0, '2022-05-03 01:54:26'),
(8009, 800, 'Behaviour Records Setting', 'behaviour_records_setting', 1, 0, 1, 0, '2022-05-03 01:54:05'),
(9001, 900, 'CBSE Exam', 'cbse_exam', 1, 1, 1, 1, '2022-11-03 03:28:30'),
(9002, 900, 'CBSE Exam Schedule', 'cbse_exam_schedule', 1, 0, 0, 0, '2023-05-09 05:31:34'),
(9003, 900, 'CBSE Exam Assign / View Student', 'cbse_exam_assign_view_student', 1, 0, 1, 0, '2022-11-03 03:48:15'),
(9004, 900, 'CBSE Exam Subjects', 'cbse_exam_subjects', 1, 0, 1, 0, '2022-11-04 02:31:41'),
(9005, 900, 'CBSE Exam Marks', 'cbse_exam_marks', 1, 0, 1, 0, '2022-11-03 03:48:24'),
(9006, 900, 'CBSE Exam Attendance', 'cbse_exam_attendance', 1, 0, 1, 0, '2022-11-03 03:48:28'),
(9007, 900, 'CBSE Exam Teacher Remark', 'cbse_exam_teacher_remark', 1, 0, 1, 0, '2022-11-03 03:48:32'),
(9008, 900, 'CBSE Exam Print Marksheet', 'cbse_exam_print_marksheet', 1, 0, 0, 0, '2022-11-03 03:48:43'),
(9009, 900, 'CBSE Exam Grade', 'cbse_exam_grade', 1, 1, 1, 1, '2022-11-03 03:48:46'),
(9010, 900, 'CBSE Exam Assign Observation', 'cbse_exam_assign_observation', 1, 1, 1, 1, '2023-05-08 07:03:23'),
(9011, 900, 'CBSE Exam Observation', 'cbse_exam_observation', 1, 1, 1, 1, '2023-05-09 05:27:16'),
(9012, 900, 'CBSE Exam Observation Parameter', 'cbse_exam_observation_parameter', 1, 1, 1, 1, '2023-05-09 05:31:54'),
(9013, 900, 'CBSE Exam Assessment', 'cbse_exam_assessment', 1, 1, 1, 1, '2023-05-09 05:31:51'),
(9014, 900, 'CBSE Exam Term', 'cbse_exam_term', 1, 1, 1, 1, '2023-05-09 05:31:47'),
(9015, 900, 'CBSE Exam Template', 'cbse_exam_template', 1, 1, 1, 1, '2023-05-09 05:31:43'),
(9016, 900, 'CBSE Exam Link Exam', 'cbse_exam_link_exam', 1, 0, 0, 0, '2023-05-09 05:31:40'),
(9017, 900, 'CBSE Exam Subject Marks Report', 'subject_marks_report', 1, 0, 0, 0, '2023-05-09 05:31:38'),
(9018, 900, 'CBSE Exam Template Marks Report', 'template_marks_report', 1, 0, 0, 0, '2023-05-09 05:31:34'),
(9019, 900, 'CBSE Exam Setting', 'cbse_exam_setting', 1, 0, 0, 0, '2023-07-02 23:54:57'),
(9020, 900, 'CBSE Exam Generate Rank', 'cbse_exam_generate_rank', 1, 0, 0, 0, '2023-07-02 23:54:57'),
(10001, 1000, 'Overview', 'multi_branch_overview', 1, 0, 0, 0, '2022-11-14 23:37:36'),
(10002, 1000, 'Daily Collection Report', 'multi_branch_daily_collection_report', 1, 0, 0, 0, '2022-11-14 23:27:02'),
(10003, 1000, 'Payroll Report', 'multi_branch_payroll', 1, 0, 0, 0, '2022-11-16 05:49:48'),
(10004, 1000, 'Income Report', 'multi_branch_income_report', 1, 0, 0, 0, '2022-11-14 23:37:36'),
(10005, 1000, 'Expense Report', 'multi_branch_expense_report', 1, 0, 0, 0, '2022-11-14 23:32:27'),
(10006, 1000, 'User Log Report', 'multi_branch_user_log_report', 1, 0, 0, 0, '2022-11-14 23:32:27'),
(10007, 1000, 'Setting', 'multi_branch_setting', 1, 0, 0, 0, '2022-11-14 23:37:36'),
(12001, 1200, 'Attendance', 'qr_code_attendance', 1, 0, 0, 0, '2023-12-11 07:04:11'),
(12002, 1200, 'Setting', 'qr_code_setting', 1, 0, 0, 0, '2023-12-11 07:04:25'),
(12003, 1300, 'Lead Manager', 'lead_manager', 1, 1, 1, 1, '2023-12-11 07:04:25'),
(12004, 1300, 'All Leads', 'all_leads', 1, 1, 1, 1, '2024-02-24 14:41:37'),
(12005, 1300, 'Managed Leads', 'managed_leads', 1, 1, 1, 1, '2024-02-24 14:41:44'),
(12006, 1300, 'Unmanaged Leads', 'unmanaged_leads', 1, 1, 1, 1, '2024-02-24 14:41:52'),
(12007, 1300, 'Leads Follow-Up', 'leads_follow_up', 1, 1, 1, 1, '2024-02-24 14:42:01'),
(12008, 14, 'Salary Outstanding', 'salaryoutstanding', 1, 0, 0, 0, '2019-10-25 01:55:52'),
(12009, 14, 'Salary Outstanding', 'salaryout_standing', 1, 0, 0, 0, '2024-02-24 17:39:31'),
(12010, 14, 'Vehicle Fuel Report', 'vehicle_fuel_report', 1, 0, 0, 0, '2024-02-24 17:39:31'),
(12011, 14, 'Vehicle Income Expenditures', 'vehicle_inc_exp', 1, 0, 0, 0, '2024-02-24 17:39:31');


-- permission_student
INSERT INTO `permission_student` (`id`, `name`, `short_code`, `system`, `student`, `parent`, `group_id`, `created_at`) VALUES
(1, 'Fees', 'fees', 0, 1, 1, 2, '2020-06-11 00:51:35'),
(2, 'Class Timetable', 'class_timetable', 1, 1, 1, 7, '2020-05-30 19:57:50'),
(3, 'Homework', 'homework', 0, 1, 1, 19, '2020-06-01 02:49:14'),
(4, 'Download Center', 'download_center', 0, 1, 1, 8, '2020-06-01 02:52:49'),
(5, 'Attendance', 'attendance', 0, 1, 1, 5, '2020-06-01 02:57:18'),
(7, 'Examinations', 'examinations', 0, 1, 1, 6, '2020-06-01 02:59:50'),
(8, 'Notice Board', 'notice_board', 0, 1, 1, 13, '2020-06-01 03:00:35'),
(11, 'Library', 'library', 0, 1, 1, 9, '2020-06-01 03:02:37'),
(12, 'Transport Routes', 'transport_routes', 0, 1, 1, 11, '2020-06-01 03:51:30'),
(13, 'Hostel Rooms', 'hostel_rooms', 0, 1, 1, 12, '2020-06-01 03:52:27'),
(14, 'Calendar To Do List', 'calendar_to_do_list', 0, 1, 1, 21, '2020-06-01 03:53:18'),
(15, 'Online Examination', 'online_examination', 0, 1, 1, 23, '2020-06-11 05:20:01'),
(16, 'Teachers Rating', 'teachers_rating', 0, 1, 1, NULL, '2022-12-28 09:52:28'),
(17, 'Chat', 'chat', 0, 1, 1, 25, '2020-06-01 04:53:06'),
(18, 'Multi Class', 'multi_class', 1, 1, 1, 26, '2020-05-30 19:56:52'),
(19, 'Lesson Plan', 'lesson_plan', 0, 1, 1, 29, '2020-06-07 05:38:30'),
(20, 'Syllabus Status', 'syllabus_status', 0, 1, 1, 29, '2020-06-07 05:38:30'),
(23, 'Apply Leave', 'apply_leave', 0, 1, 1, NULL, '2022-12-28 09:52:28'),
(24, 'Visitor Book', 'visitor_book', 0, 1, 1, NULL, '2022-10-10 11:45:18'),
(25, 'Student Timeline', 'student_timeline', 0, 1, 1, NULL, '2022-10-11 04:50:29'),
(26, 'Gmeet Live Classes ', 'gmeet_live_classes', 0, 1, 1, 600, '2020-09-24 11:18:24'),
(500, 'Zoom Live Classes', 'live_classes', 0, 1, 1, 500, '2024-01-28 15:23:52'),
(700, 'Online Course', 'online_course', 0, 1, 1, 700, '2021-05-15 03:35:53'),
(800, 'Behaviour Records', 'behaviour_records', 0, 1, 1, 800, '2022-05-03 04:50:33'),
(900, 'CBSE Examination', 'cbseexam', 0, 1, 1, 900, '2023-05-25 06:37:15');


-- roles_permissions
INSERT INTO `roles_permissions` (`id`, `role_id`, `perm_cat_id`, `can_view`, `can_add`, `can_edit`, `can_delete`, `created_at`, `is_central`) VALUES
(11, 1, 78, 1, 1, 1, 0, '2025-08-02 05:23:29', NULL),
(23, 1, 12, 1, 0, 0, 0, '2026-04-25 13:47:23', NULL),
(24, 1, 13, 1, 0, 0, 0, '2026-04-25 13:47:23', NULL),
(26, 1, 15, 1, 1, 1, 0, '2019-11-27 23:47:28', NULL),
(31, 1, 21, 1, 0, 1, 0, '2019-11-26 04:51:15', NULL),
(34, 1, 24, 1, 1, 1, 0, '2025-08-02 05:23:29', NULL),
(43, 1, 32, 1, 1, 1, 0, '2025-08-02 05:23:29', NULL),
(44, 1, 33, 1, 1, 1, 0, '2025-08-02 05:23:29', NULL),
(45, 1, 34, 1, 1, 1, 0, '2025-08-02 05:23:29', NULL),
(46, 1, 35, 1, 1, 1, 0, '2025-08-02 05:23:29', NULL),
(47, 1, 104, 1, 1, 1, 0, '2025-08-02 05:23:29', NULL),
(48, 1, 37, 1, 1, 1, 0, '2025-08-02 05:23:29', NULL),
(49, 1, 38, 1, 1, 1, 0, '2025-08-02 05:23:29', NULL),
(67, 1, 61, 1, 1, 0, 0, '2025-08-02 05:23:29', NULL),
(68, 1, 62, 1, 1, 0, 0, '2025-08-02 05:23:29', NULL),
(69, 1, 63, 1, 1, 0, 0, '2025-08-02 05:23:29', NULL),
(70, 1, 64, 1, 1, 1, 0, '2025-08-02 05:23:29', NULL),
(71, 1, 65, 1, 1, 1, 0, '2025-08-02 05:23:29', NULL),
(72, 1, 66, 1, 1, 1, 0, '2025-08-02 05:23:29', NULL),
(73, 1, 67, 1, 1, 1, 0, '2025-08-02 05:23:29', NULL),
(74, 1, 79, 1, 1, 0, 0, '2025-08-02 05:23:29', NULL),
(75, 1, 80, 1, 1, 1, 0, '2025-08-02 05:23:29', NULL),
(76, 1, 81, 1, 1, 1, 0, '2025-08-02 05:23:29', NULL),
(78, 1, 83, 1, 1, 1, 0, '2025-08-02 05:23:29', NULL),
(79, 1, 84, 1, 1, 1, 0, '2025-08-02 05:23:29', NULL),
(80, 1, 85, 1, 1, 1, 0, '2025-08-02 05:23:29', NULL),
(94, 1, 82, 1, 1, 1, 0, '2025-08-02 05:23:29', NULL),
(120, 1, 39, 1, 1, 1, 0, '2025-08-02 05:23:29', NULL),
(156, 1, 9, 1, 0, 0, 0, '2026-04-25 13:47:23', NULL),
(157, 1, 10, 1, 0, 0, 0, '2026-04-25 13:47:23', NULL),
(159, 1, 40, 1, 1, 1, 0, '2025-08-02 05:23:29', NULL),
(160, 1, 41, 1, 1, 1, 0, '2025-08-02 05:23:29', NULL),
(161, 1, 42, 1, 1, 1, 0, '2025-08-02 05:23:29', NULL),
(169, 1, 27, 1, 1, 0, 0, '2025-08-02 05:23:29', NULL),
(180, 1, 57, 1, 0, 1, 0, '2019-11-30 01:32:51', NULL),
(181, 1, 58, 1, 0, 1, 0, '2019-11-30 01:32:51', NULL),
(183, 1, 60, 1, 0, 1, 0, '2019-11-30 00:59:57', NULL),
(201, 1, 14, 1, 0, 0, 0, '2018-07-02 11:22:03', NULL),
(204, 1, 26, 1, 0, 0, 0, '2018-07-02 11:32:05', NULL),
(206, 1, 29, 1, 0, 0, 0, '2018-07-02 11:43:54', NULL),
(207, 1, 30, 1, 0, 0, 0, '2018-07-02 11:43:54', NULL),
(208, 1, 31, 1, 1, 1, 0, '2025-08-02 05:23:29', NULL),
(222, 1, 1, 1, 0, 0, 0, '2026-04-25 13:47:23', NULL),
(315, 1, 123, 1, 0, 0, 0, '2018-07-03 10:27:03', NULL),
(369, 1, 102, 1, 1, 1, 0, '2025-08-02 05:23:29', NULL),
(435, 1, 96, 1, 1, 1, 0, '2025-08-02 05:23:29', NULL),
(461, 1, 97, 1, 0, 0, 0, '2018-07-09 01:00:16', NULL),
(464, 1, 86, 1, 1, 1, 0, '2025-08-02 05:23:29', NULL),
(557, 6, 82, 1, 1, 1, 1, '2019-12-01 01:48:28', NULL),
(558, 6, 83, 1, 1, 1, 1, '2019-12-01 01:49:08', NULL),
(559, 6, 84, 1, 1, 1, 1, '2019-12-01 01:49:59', NULL),
(575, 6, 44, 1, 0, 0, 0, '2018-07-10 07:35:33', NULL),
(576, 6, 46, 1, 0, 0, 0, '2018-07-10 07:35:33', NULL),
(578, 6, 102, 1, 1, 1, 1, '2019-12-01 01:52:27', NULL),
(625, 1, 28, 1, 1, 1, 0, '2025-08-02 05:23:29', NULL),
(634, 4, 102, 1, 1, 1, 1, '2019-12-01 01:03:00', NULL),
(669, 1, 145, 1, 0, 0, 0, '2019-11-26 04:51:15', NULL),
(677, 1, 153, 1, 0, 0, 0, '2019-11-01 02:28:24', NULL),
(728, 1, 185, 1, 1, 1, 0, '2025-08-02 05:23:29', NULL),
(729, 1, 186, 1, 1, 1, 0, '2025-08-02 05:23:29', NULL),
(730, 1, 214, 1, 0, 1, 0, '2019-11-28 01:47:53', NULL),
(732, 1, 198, 1, 0, 0, 0, '2019-11-26 05:24:30', NULL),
(734, 1, 200, 1, 0, 0, 0, '2019-11-26 05:24:30', NULL),
(735, 1, 201, 1, 0, 0, 0, '2019-11-26 05:24:30', NULL),
(736, 1, 202, 1, 0, 0, 0, '2019-11-26 05:24:30', NULL),
(737, 1, 203, 1, 0, 0, 0, '2019-11-26 05:24:30', NULL),
(747, 1, 2, 1, 0, 0, 0, '2019-11-27 22:56:08', NULL),
(748, 1, 3, 1, 0, 0, 0, '2026-04-25 13:47:23', NULL),
(749, 1, 4, 1, 0, 0, 0, '2026-04-25 13:47:23', NULL),
(751, 1, 128, 1, 0, 0, 0, '2026-04-25 13:47:23', NULL),
(754, 1, 134, 1, 0, 0, 0, '2026-04-25 13:47:23', NULL),
(755, 1, 5, 1, 0, 0, 0, '2026-04-25 13:47:23', NULL),
(756, 1, 6, 1, 0, 0, 0, '2019-11-27 23:35:25', NULL),
(757, 1, 7, 1, 0, 0, 0, '2026-04-25 13:47:23', NULL),
(758, 1, 8, 1, 0, 0, 0, '2026-04-25 13:47:23', NULL),
(760, 1, 68, 1, 0, 0, 0, '2019-11-27 23:38:06', NULL),
(761, 1, 69, 1, 0, 0, 0, '2026-04-25 13:47:23', NULL),
(762, 1, 70, 1, 0, 0, 0, '2026-04-25 13:47:23', NULL),
(763, 1, 71, 1, 0, 0, 0, '2019-11-27 23:39:59', NULL),
(765, 1, 73, 1, 0, 0, 0, '2019-11-27 23:43:15', NULL),
(766, 1, 74, 1, 0, 0, 0, '2019-11-27 23:43:55', NULL),
(768, 1, 11, 1, 0, 0, 0, '2019-11-27 23:45:46', NULL),
(769, 1, 122, 1, 0, 0, 0, '2019-11-27 23:52:43', NULL),
(771, 1, 136, 1, 1, 1, 0, '2025-08-02 05:23:29', NULL),
(772, 1, 20, 1, 1, 1, 0, '2025-08-02 05:23:29', NULL),
(773, 1, 137, 1, 1, 1, 0, '2025-08-02 05:23:29', NULL),
(774, 1, 141, 1, 1, 1, 0, '2025-08-02 05:23:29', NULL),
(775, 1, 142, 1, 0, 0, 0, '2019-11-27 23:56:12', NULL),
(776, 1, 143, 1, 1, 1, 0, '2025-08-02 05:23:29', NULL),
(777, 1, 144, 1, 0, 0, 0, '2019-11-27 23:56:12', NULL),
(778, 1, 187, 1, 0, 0, 0, '2019-11-27 23:56:12', NULL),
(779, 1, 196, 1, 0, 0, 0, '2019-11-27 23:56:12', NULL),
(781, 1, 207, 1, 0, 0, 0, '2019-11-27 23:56:12', NULL),
(782, 1, 208, 1, 0, 1, 0, '2019-11-28 00:10:22', NULL),
(783, 1, 210, 1, 0, 1, 0, '2019-11-28 00:34:40', NULL),
(784, 1, 211, 1, 0, 1, 0, '2019-11-28 00:38:23', NULL),
(785, 1, 212, 1, 0, 1, 0, '2019-11-28 00:42:15', NULL),
(786, 1, 205, 1, 1, 1, 0, '2025-08-02 05:23:29', NULL),
(787, 1, 222, 1, 0, 1, 0, '2019-11-28 01:36:36', NULL),
(788, 1, 77, 1, 1, 1, 0, '2025-08-02 05:23:29', NULL),
(789, 1, 188, 1, 1, 1, 0, '2025-08-02 05:23:29', NULL),
(790, 1, 23, 1, 1, 1, 0, '2025-08-02 05:23:29', NULL),
(791, 1, 25, 1, 1, 1, 0, '2025-08-02 05:23:29', NULL),
(792, 1, 127, 1, 0, 0, 0, '2019-11-28 06:41:25', NULL),
(794, 1, 88, 1, 1, 1, 0, '2019-11-28 06:43:04', NULL),
(795, 1, 90, 1, 1, 0, 0, '2025-08-02 05:23:29', NULL),
(796, 1, 108, 1, 0, 1, 1, '2021-01-23 07:09:32', NULL),
(797, 1, 109, 1, 1, 0, 0, '2019-11-28 23:38:11', NULL),
(798, 1, 110, 1, 1, 1, 0, '2025-08-02 05:23:29', NULL),
(799, 1, 111, 1, 1, 1, 0, '2025-08-02 05:23:29', NULL),
(800, 1, 112, 1, 1, 1, 0, '2025-08-02 05:23:29', NULL),
(801, 1, 129, 1, 1, 1, 0, '2025-08-02 05:23:29', NULL),
(802, 1, 189, 1, 0, 1, 0, '2025-08-02 05:23:29', NULL),
(810, 2, 1, 1, 0, 0, 0, '2026-04-18 07:22:00', NULL),
(817, 1, 93, 1, 1, 1, 0, '2025-08-02 05:23:29', NULL),
(825, 1, 87, 1, 0, 0, 0, '2019-11-29 00:56:14', NULL),
(829, 1, 94, 1, 1, 0, 0, '2019-11-29 00:57:57', NULL),
(836, 1, 146, 1, 0, 0, 0, '2019-11-29 01:13:28', NULL),
(837, 1, 147, 1, 0, 0, 0, '2019-11-29 01:13:28', NULL),
(838, 1, 148, 1, 0, 0, 0, '2019-11-29 01:13:28', NULL),
(839, 1, 149, 1, 0, 0, 0, '2019-11-29 01:13:28', NULL),
(840, 1, 150, 1, 0, 0, 0, '2019-11-29 01:13:28', NULL),
(841, 1, 151, 1, 0, 0, 0, '2019-11-29 01:13:28', NULL),
(842, 1, 152, 1, 0, 0, 0, '2019-11-29 01:13:28', NULL),
(843, 1, 154, 1, 0, 0, 0, '2019-11-29 01:13:28', NULL),
(862, 1, 155, 1, 0, 0, 0, '2019-11-29 02:07:30', NULL),
(863, 1, 156, 1, 0, 0, 0, '2019-11-29 02:07:52', NULL),
(864, 1, 157, 1, 0, 0, 0, '2019-11-29 02:08:05', NULL),
(874, 1, 158, 1, 0, 0, 0, '2019-11-29 02:14:03', NULL),
(875, 1, 159, 1, 0, 0, 0, '2019-11-29 02:14:31', NULL),
(876, 1, 160, 1, 0, 0, 0, '2019-11-29 02:14:44', NULL),
(878, 1, 162, 1, 0, 0, 0, '2019-11-29 02:15:58', NULL),
(879, 1, 163, 1, 0, 0, 0, '2019-11-29 02:16:19', NULL),
(882, 1, 164, 1, 0, 0, 0, '2019-11-29 02:25:17', NULL),
(884, 1, 165, 1, 0, 0, 0, '2019-11-29 02:25:30', NULL),
(886, 1, 197, 1, 0, 0, 0, '2019-11-29 02:25:48', NULL),
(887, 1, 219, 1, 0, 0, 0, '2019-11-29 02:26:05', NULL),
(889, 1, 220, 1, 0, 0, 0, '2019-11-29 02:26:22', NULL),
(932, 1, 204, 1, 0, 0, 0, '2019-11-29 03:43:27', NULL),
(933, 1, 221, 1, 0, 0, 0, '2019-11-29 03:45:04', NULL),
(934, 1, 178, 1, 0, 0, 0, '2019-11-29 03:45:16', NULL),
(935, 1, 179, 1, 0, 0, 0, '2019-11-29 03:45:33', NULL),
(936, 1, 161, 1, 0, 0, 0, '2019-11-29 03:45:48', NULL),
(937, 1, 180, 1, 0, 0, 0, '2019-11-29 03:45:48', NULL),
(938, 1, 181, 1, 0, 0, 0, '2019-11-29 03:49:33', NULL),
(939, 1, 182, 1, 0, 0, 0, '2019-11-29 03:49:45', NULL),
(940, 1, 183, 1, 0, 0, 0, '2019-11-29 03:49:56', NULL),
(941, 1, 174, 1, 0, 0, 0, '2019-11-29 03:50:53', NULL),
(943, 1, 176, 1, 0, 0, 0, '2019-11-29 03:52:10', NULL),
(944, 1, 177, 1, 0, 0, 0, '2019-11-29 03:52:22', NULL),
(974, 1, 224, 1, 0, 0, 0, '2019-11-29 04:32:52', NULL),
(1026, 1, 135, 1, 0, 1, 0, '2019-11-29 06:02:12', NULL),
(1031, 1, 228, 1, 0, 0, 0, '2019-11-29 06:21:16', NULL),
(1083, 1, 175, 1, 0, 0, 0, '2019-11-30 00:37:24', NULL),
(1086, 1, 43, 1, 1, 1, 0, '2025-08-02 05:23:29', NULL),
(1087, 1, 44, 1, 0, 0, 0, '2019-11-30 00:49:39', NULL),
(1088, 1, 46, 1, 0, 0, 0, '2019-11-30 00:49:39', NULL),
(1089, 1, 217, 1, 0, 0, 0, '2019-11-30 00:49:39', NULL),
(1090, 1, 98, 1, 1, 1, 0, '2025-08-02 05:23:29', NULL),
(1091, 1, 99, 1, 0, 0, 0, '2019-11-30 01:30:18', NULL),
(1092, 1, 223, 1, 0, 0, 0, '2019-11-30 01:32:51', NULL),
(1103, 2, 205, 1, 0, 0, 0, '2026-04-25 13:45:47', NULL),
(1105, 2, 23, 1, 0, 0, 0, '2019-11-30 01:56:04', NULL),
(1106, 2, 24, 1, 0, 0, 0, '2019-11-30 01:56:04', NULL),
(1107, 2, 25, 1, 0, 0, 0, '2019-11-30 01:56:04', NULL),
(1108, 2, 77, 1, 0, 0, 0, '2019-11-30 01:56:04', NULL),
(1119, 2, 117, 1, 0, 0, 0, '2019-11-30 01:56:04', NULL),
(1123, 3, 8, 1, 1, 1, 1, '2019-11-30 06:46:18', NULL),
(1125, 3, 69, 1, 1, 1, 1, '2019-11-30 07:00:49', NULL),
(1126, 3, 70, 1, 1, 1, 1, '2019-11-30 07:04:46', NULL),
(1130, 3, 9, 1, 1, 1, 1, '2019-11-30 07:14:54', NULL),
(1131, 3, 10, 1, 1, 1, 1, '2019-11-30 07:16:02', NULL),
(1134, 3, 35, 1, 1, 1, 1, '2019-11-30 07:25:04', NULL),
(1135, 3, 104, 1, 1, 1, 1, '2019-11-30 07:25:53', NULL),
(1140, 3, 41, 1, 1, 1, 1, '2019-11-30 07:37:13', NULL),
(1141, 3, 42, 1, 1, 1, 1, '2019-11-30 07:37:46', NULL),
(1142, 3, 43, 1, 1, 1, 1, '2019-11-30 07:42:06', NULL),
(1151, 3, 87, 1, 0, 0, 0, '2019-11-30 02:23:13', NULL),
(1152, 3, 88, 1, 1, 1, 0, '2019-11-30 02:23:13', NULL),
(1153, 3, 90, 1, 1, 0, 1, '2019-11-30 02:23:13', NULL),
(1154, 3, 108, 1, 0, 1, 0, '2019-11-30 02:23:13', NULL),
(1155, 3, 109, 1, 1, 0, 0, '2019-11-30 02:23:13', NULL),
(1156, 3, 110, 1, 1, 1, 1, '2019-11-30 02:23:13', NULL),
(1157, 3, 111, 1, 1, 1, 1, '2019-11-30 02:23:13', NULL),
(1158, 3, 112, 1, 1, 1, 1, '2019-11-30 02:23:13', NULL),
(1159, 3, 127, 1, 0, 0, 0, '2019-11-30 02:23:13', NULL),
(1160, 3, 129, 0, 1, 0, 1, '2019-11-30 02:23:13', NULL),
(1161, 3, 102, 1, 1, 1, 1, '2019-11-30 02:23:13', NULL),
(1162, 3, 106, 1, 0, 0, 0, '2019-11-30 02:23:13', NULL),
(1163, 3, 113, 1, 0, 0, 0, '2019-11-30 02:23:13', NULL),
(1164, 3, 114, 1, 0, 0, 0, '2019-11-30 02:23:13', NULL),
(1165, 3, 115, 1, 0, 0, 0, '2019-11-30 02:23:13', NULL),
(1166, 3, 116, 1, 0, 0, 0, '2019-11-30 02:23:13', NULL),
(1167, 3, 117, 1, 0, 0, 0, '2019-11-30 02:23:13', NULL),
(1168, 3, 118, 1, 0, 0, 0, '2019-11-30 02:23:13', NULL),
(1171, 2, 142, 1, 0, 0, 0, '2019-11-30 02:36:17', NULL),
(1172, 2, 144, 1, 0, 0, 0, '2019-11-30 02:36:17', NULL),
(1179, 2, 212, 1, 0, 1, 0, '2019-11-30 02:36:17', NULL),
(1183, 2, 148, 1, 0, 0, 0, '2019-11-30 02:36:17', NULL),
(1184, 2, 149, 1, 0, 0, 0, '2019-11-30 02:36:17', NULL),
(1185, 2, 150, 1, 0, 0, 0, '2019-11-30 02:36:17', NULL),
(1186, 2, 151, 1, 0, 0, 0, '2019-11-30 02:36:17', NULL),
(1187, 2, 152, 1, 0, 0, 0, '2019-11-30 02:36:17', NULL),
(1188, 2, 153, 1, 0, 0, 0, '2019-11-30 02:36:17', NULL),
(1189, 2, 154, 1, 0, 0, 0, '2019-11-30 02:36:17', NULL),
(1190, 2, 197, 1, 0, 0, 0, '2019-11-30 02:36:17', NULL),
(1191, 2, 198, 1, 0, 0, 0, '2019-11-30 02:36:17', NULL),
(1193, 2, 200, 1, 0, 0, 0, '2019-11-30 02:36:17', NULL),
(1194, 2, 201, 1, 0, 0, 0, '2019-11-30 02:36:17', NULL),
(1195, 2, 202, 1, 0, 0, 0, '2019-11-30 02:36:17', NULL),
(1196, 2, 203, 1, 0, 0, 0, '2019-11-30 02:36:17', NULL),
(1197, 2, 219, 1, 0, 0, 0, '2019-11-30 02:36:17', NULL),
(1198, 2, 223, 1, 0, 0, 0, '2019-11-30 02:36:17', NULL),
(1199, 2, 213, 1, 0, 0, 0, '2019-11-30 02:36:17', NULL),
(1201, 2, 230, 1, 0, 0, 0, '2019-11-30 02:36:17', NULL),
(1204, 2, 214, 1, 0, 1, 0, '2019-11-30 02:36:17', NULL),
(1206, 2, 224, 1, 0, 0, 0, '2019-11-30 02:36:17', NULL),
(1208, 2, 2, 1, 0, 0, 0, '2019-11-30 02:55:45', NULL),
(1210, 2, 143, 1, 0, 0, 0, '2026-04-25 13:45:47', NULL),
(1211, 2, 145, 1, 0, 0, 0, '2019-11-30 02:57:28', NULL),
(1214, 2, 3, 1, 0, 0, 0, '2026-04-18 07:22:00', NULL),
(1216, 2, 4, 1, 0, 0, 0, '2026-04-18 07:22:00', NULL),
(1218, 2, 128, 1, 0, 0, 0, '2026-04-18 07:22:00', NULL),
(1220, 3, 135, 1, 0, 1, 0, '2019-11-30 07:08:56', NULL),
(1231, 3, 190, 1, 0, 0, 0, '2019-11-30 03:44:02', NULL),
(1232, 3, 192, 1, 0, 0, 0, '2019-11-30 03:44:02', NULL),
(1233, 3, 226, 1, 0, 0, 0, '2019-11-30 03:44:02', NULL),
(1234, 3, 227, 1, 0, 0, 0, '2019-11-30 03:44:02', NULL),
(1235, 3, 224, 1, 0, 0, 0, '2019-11-30 03:44:02', NULL),
(1236, 2, 15, 1, 1, 1, 0, '2019-11-30 03:54:25', NULL),
(1239, 2, 122, 1, 0, 0, 0, '2019-11-30 03:57:48', NULL),
(1240, 2, 136, 1, 1, 1, 0, '2025-02-12 07:34:11', NULL),
(1242, 6, 217, 1, 0, 0, 0, '2019-11-30 04:00:13', NULL),
(1243, 6, 224, 1, 0, 0, 0, '2019-11-30 04:00:13', NULL),
(1245, 2, 20, 1, 1, 1, 0, '2024-06-07 03:59:29', NULL),
(1246, 2, 137, 1, 1, 1, 0, '2024-06-07 03:59:29', NULL),
(1248, 2, 141, 1, 1, 1, 0, '2024-06-07 03:59:29', NULL),
(1250, 2, 187, 1, 0, 0, 0, '2019-11-30 04:11:19', NULL),
(1252, 2, 207, 1, 0, 0, 0, '2019-11-30 04:21:21', NULL),
(1253, 2, 208, 1, 0, 1, 0, '2019-11-30 04:22:00', NULL),
(1255, 2, 210, 1, 0, 1, 0, '2019-11-30 04:22:58', NULL),
(1256, 2, 211, 1, 0, 1, 0, '2019-11-30 04:24:03', NULL),
(1257, 2, 21, 1, 0, 1, 0, '2024-08-27 09:37:29', NULL),
(1259, 2, 188, 1, 0, 0, 0, '2019-11-30 04:34:35', NULL),
(1260, 2, 27, 1, 1, 0, 0, '2024-06-07 03:59:29', NULL),
(1262, 2, 43, 1, 1, 1, 1, '2019-11-30 04:39:42', NULL),
(1263, 2, 44, 1, 0, 0, 0, '2019-11-30 04:41:43', NULL),
(1264, 2, 46, 1, 0, 0, 0, '2019-11-30 04:41:43', NULL),
(1265, 2, 217, 1, 0, 0, 0, '2019-11-30 04:41:43', NULL),
(1266, 2, 146, 1, 0, 0, 0, '2019-11-30 04:46:35', NULL),
(1267, 2, 147, 1, 0, 0, 0, '2019-11-30 04:47:37', NULL),
(1269, 2, 164, 1, 0, 0, 0, '2019-11-30 04:51:04', NULL),
(1271, 2, 109, 1, 1, 0, 0, '2019-11-30 05:03:37', NULL),
(1272, 2, 93, 1, 1, 1, 1, '2019-11-30 05:07:25', NULL),
(1273, 2, 94, 1, 1, 0, 0, '2019-11-30 05:07:42', NULL),
(1275, 2, 102, 1, 1, 1, 0, '2024-06-07 03:59:29', NULL),
(1277, 2, 196, 1, 0, 0, 0, '2019-11-30 05:15:01', NULL),
(1278, 2, 195, 1, 0, 0, 0, '2019-11-30 05:19:08', NULL),
(1279, 2, 185, 1, 0, 0, 0, '2026-04-25 13:45:47', NULL),
(1280, 2, 186, 1, 1, 1, 0, '2024-06-07 03:59:29', NULL),
(1281, 2, 222, 1, 0, 1, 0, '2019-11-30 05:24:30', NULL),
(1283, 3, 5, 1, 1, 0, 1, '2019-11-30 06:43:04', NULL),
(1284, 3, 6, 1, 0, 0, 0, '2019-11-30 06:43:29', NULL),
(1285, 3, 7, 1, 1, 1, 1, '2019-11-30 06:44:39', NULL),
(1286, 3, 68, 1, 0, 0, 0, '2019-11-30 06:46:58', NULL),
(1287, 3, 71, 1, 0, 0, 0, '2019-11-30 07:05:41', NULL),
(1288, 3, 73, 1, 0, 0, 0, '2019-11-30 07:05:59', NULL),
(1289, 3, 74, 1, 0, 0, 0, '2019-11-30 07:06:08', NULL),
(1290, 3, 11, 1, 0, 0, 0, '2019-11-30 07:16:37', NULL),
(1291, 3, 12, 1, 1, 1, 1, '2019-11-30 07:19:29', NULL),
(1292, 3, 13, 1, 1, 1, 1, '2019-11-30 07:22:27', NULL),
(1294, 3, 14, 1, 0, 0, 0, '2019-11-30 07:22:55', NULL),
(1295, 3, 31, 1, 1, 1, 1, '2019-12-02 06:30:37', NULL),
(1297, 3, 37, 1, 1, 1, 1, '2019-11-30 07:28:09', NULL),
(1298, 3, 38, 1, 1, 1, 1, '2019-11-30 07:29:02', NULL),
(1299, 3, 39, 1, 1, 1, 1, '2019-11-30 07:30:07', NULL),
(1300, 3, 40, 1, 1, 1, 1, '2019-11-30 07:32:43', NULL),
(1301, 3, 44, 1, 0, 0, 0, '2019-11-30 07:44:09', NULL),
(1302, 3, 46, 1, 0, 0, 0, '2019-11-30 07:44:09', NULL),
(1303, 3, 217, 1, 0, 0, 0, '2019-11-30 07:44:09', NULL),
(1304, 3, 155, 1, 0, 0, 0, '2019-11-30 07:44:32', NULL),
(1305, 3, 156, 1, 0, 0, 0, '2019-11-30 07:45:18', NULL),
(1306, 3, 157, 1, 0, 0, 0, '2019-11-30 07:45:42', NULL),
(1307, 3, 158, 1, 0, 0, 0, '2019-11-30 07:46:07', NULL),
(1308, 3, 159, 1, 0, 0, 0, '2019-11-30 07:46:21', NULL),
(1309, 3, 160, 1, 0, 0, 0, '2019-11-30 07:46:33', NULL),
(1313, 3, 161, 1, 0, 0, 0, '2019-11-30 07:48:26', NULL),
(1314, 3, 162, 1, 0, 0, 0, '2019-11-30 07:48:48', NULL),
(1315, 3, 163, 1, 0, 0, 0, '2019-11-30 07:48:48', NULL),
(1316, 3, 164, 1, 0, 0, 0, '2019-11-30 07:49:47', NULL),
(1317, 3, 165, 1, 0, 0, 0, '2019-11-30 07:49:47', NULL),
(1318, 3, 174, 1, 0, 0, 0, '2019-11-30 07:49:47', NULL),
(1319, 3, 175, 1, 0, 0, 0, '2019-11-30 07:49:59', NULL),
(1320, 3, 181, 1, 0, 0, 0, '2019-11-30 07:50:08', NULL),
(1321, 3, 86, 1, 1, 1, 1, '2019-11-30 07:54:08', NULL),
(1322, 4, 28, 1, 1, 1, 1, '2019-12-01 00:52:39', NULL),
(1324, 4, 29, 1, 0, 0, 0, '2019-12-01 00:53:46', NULL),
(1325, 4, 30, 1, 0, 0, 0, '2019-12-01 00:53:59', NULL),
(1326, 4, 123, 1, 0, 0, 0, '2019-12-01 00:54:26', NULL),
(1327, 4, 228, 1, 0, 0, 0, '2019-12-01 00:54:39', NULL),
(1328, 4, 43, 1, 1, 1, 1, '2019-12-01 00:58:05', NULL),
(1332, 4, 44, 1, 0, 0, 0, '2019-12-01 00:59:16', NULL),
(1333, 4, 46, 1, 0, 0, 0, '2019-12-01 00:59:16', NULL),
(1334, 4, 217, 1, 0, 0, 0, '2019-12-01 00:59:16', NULL),
(1335, 4, 178, 1, 0, 0, 0, '2019-12-01 00:59:59', NULL),
(1336, 4, 179, 1, 0, 0, 0, '2019-12-01 01:00:11', NULL),
(1337, 4, 180, 1, 0, 0, 0, '2019-12-01 01:00:29', NULL),
(1338, 4, 221, 1, 0, 0, 0, '2019-12-01 01:00:46', NULL),
(1339, 4, 86, 1, 0, 0, 0, '2019-12-01 01:01:02', NULL),
(1341, 4, 106, 1, 0, 0, 0, '2019-12-01 01:05:21', NULL),
(1342, 1, 107, 1, 0, 0, 0, '2019-12-01 01:06:44', NULL),
(1343, 4, 117, 1, 0, 0, 0, '2019-12-01 01:10:20', NULL),
(1344, 4, 194, 1, 0, 0, 0, '2019-12-01 01:11:35', NULL),
(1348, 4, 230, 1, 0, 0, 0, '2019-12-01 01:19:15', NULL),
(1350, 6, 1, 1, 0, 0, 0, '2019-12-01 01:35:32', NULL),
(1351, 6, 21, 1, 0, 0, 0, '2019-12-01 01:36:29', NULL),
(1352, 6, 23, 1, 0, 0, 0, '2019-12-01 01:36:45', NULL),
(1353, 6, 24, 1, 0, 0, 0, '2019-12-01 01:37:05', NULL),
(1354, 6, 25, 1, 0, 0, 0, '2019-12-01 01:37:34', NULL),
(1355, 6, 77, 1, 0, 0, 0, '2019-12-01 01:38:08', NULL),
(1356, 6, 188, 1, 0, 0, 0, '2019-12-01 01:38:45', NULL),
(1357, 6, 43, 1, 1, 1, 1, '2019-12-01 01:40:44', NULL),
(1358, 6, 78, 1, 1, 1, 1, '2019-12-01 01:43:04', NULL),
(1360, 6, 79, 1, 1, 0, 1, '2019-12-01 01:44:39', NULL),
(1361, 6, 80, 1, 1, 1, 1, '2019-12-01 01:45:08', NULL),
(1362, 6, 81, 1, 1, 1, 1, '2019-12-01 01:47:50', NULL),
(1363, 6, 85, 1, 1, 1, 1, '2019-12-01 01:50:43', NULL),
(1364, 6, 86, 1, 0, 0, 0, '2019-12-01 01:51:10', NULL),
(1365, 6, 106, 1, 0, 0, 0, '2019-12-01 01:52:55', NULL),
(1366, 6, 117, 1, 0, 0, 0, '2019-12-01 01:53:08', NULL),
(1394, 1, 106, 1, 0, 0, 0, '2019-12-02 05:20:33', NULL),
(1395, 1, 113, 1, 0, 0, 0, '2019-12-02 05:20:59', NULL),
(1396, 1, 114, 1, 0, 0, 0, '2019-12-02 05:21:34', NULL),
(1397, 1, 115, 1, 0, 0, 0, '2019-12-02 05:21:34', NULL),
(1398, 1, 116, 1, 0, 0, 0, '2019-12-02 05:21:54', NULL),
(1399, 1, 117, 1, 0, 0, 0, '2019-12-02 05:22:04', NULL),
(1400, 1, 118, 1, 0, 0, 0, '2019-12-02 05:22:20', NULL),
(1402, 1, 191, 1, 0, 0, 0, '2019-12-02 05:23:34', NULL),
(1403, 1, 192, 1, 0, 0, 0, '2019-12-02 05:23:47', NULL),
(1404, 1, 193, 1, 0, 0, 0, '2019-12-02 05:23:58', NULL),
(1405, 1, 194, 1, 0, 0, 0, '2019-12-02 05:24:11', NULL),
(1406, 1, 195, 1, 0, 0, 0, '2019-12-02 05:24:20', NULL),
(1408, 1, 227, 1, 0, 0, 0, '2019-12-02 05:25:47', NULL),
(1410, 1, 226, 1, 0, 0, 0, '2019-12-02 05:31:41', NULL),
(1411, 1, 229, 1, 0, 0, 0, '2019-12-02 05:32:57', NULL),
(1412, 1, 230, 1, 0, 0, 0, '2019-12-02 05:32:57', NULL),
(1413, 1, 190, 1, 0, 0, 0, '2019-12-02 05:43:41', NULL),
(1414, 2, 174, 1, 0, 0, 0, '2019-12-02 05:54:37', NULL),
(1415, 2, 175, 1, 0, 0, 0, '2019-12-02 05:54:37', NULL),
(1418, 2, 232, 1, 0, 1, 0, '2024-06-07 03:59:29', NULL),
(1419, 2, 231, 1, 0, 0, 0, '2019-12-02 06:12:28', NULL),
(1420, 1, 231, 1, 1, 1, 0, '2025-08-02 05:23:29', NULL),
(1421, 1, 232, 1, 0, 1, 0, '2025-08-02 05:23:29', NULL),
(1422, 3, 32, 1, 1, 1, 1, '2019-12-02 06:30:37', NULL),
(1423, 3, 33, 1, 1, 1, 1, '2019-12-02 06:30:37', NULL),
(1424, 3, 34, 1, 1, 1, 1, '2019-12-02 06:30:37', NULL),
(1425, 3, 182, 1, 0, 0, 0, '2019-12-02 06:30:37', NULL),
(1426, 3, 183, 1, 0, 0, 0, '2019-12-02 06:30:37', NULL),
(1427, 3, 189, 1, 0, 1, 1, '2019-12-02 06:30:37', NULL),
(1428, 3, 229, 1, 0, 0, 0, '2019-12-02 06:30:37', NULL),
(1429, 3, 230, 1, 0, 0, 0, '2019-12-02 06:30:37', NULL),
(1430, 4, 213, 1, 0, 0, 0, '2019-12-02 06:32:14', NULL),
(1432, 4, 224, 1, 0, 0, 0, '2019-12-02 06:32:14', NULL),
(1433, 4, 195, 1, 0, 0, 0, '2019-12-03 04:57:53', NULL),
(1434, 4, 229, 1, 0, 0, 0, '2019-12-03 04:58:19', NULL),
(1436, 6, 213, 1, 0, 0, 0, '2019-12-03 05:10:11', NULL),
(1437, 6, 191, 1, 0, 0, 0, '2019-12-03 05:10:11', NULL),
(1438, 6, 193, 1, 0, 0, 0, '2019-12-03 05:10:11', NULL),
(1439, 6, 230, 1, 0, 0, 0, '2019-12-03 05:10:11', NULL),
(1440, 2, 106, 1, 0, 0, 0, '2020-01-25 04:21:36', NULL),
(1441, 2, 107, 1, 0, 0, 0, '2020-02-12 02:10:13', NULL),
(1442, 2, 134, 1, 0, 0, 0, '2026-04-18 07:22:00', NULL),
(1444, 2, 86, 1, 0, 0, 0, '2020-02-12 02:22:33', NULL),
(1445, 3, 233, 1, 0, 0, 0, '2020-02-12 03:51:17', NULL),
(1446, 1, 234, 1, 1, 1, 0, '2025-08-02 05:23:29', NULL),
(1447, 1, 235, 1, 1, 1, 0, '2025-08-02 05:23:29', NULL),
(1448, 1, 236, 1, 1, 1, 0, '2020-05-29 23:17:52', NULL),
(1449, 1, 237, 1, 0, 1, 0, '2020-05-29 23:18:18', NULL),
(1450, 1, 238, 1, 1, 1, 0, '2025-08-02 05:23:29', NULL),
(1451, 1, 239, 1, 1, 1, 0, '2025-08-02 05:23:29', NULL),
(1452, 2, 236, 1, 1, 1, 0, '2020-05-29 23:40:33', NULL),
(1453, 2, 237, 1, 0, 1, 0, '2020-05-29 23:40:33', NULL),
(1454, 2, 238, 1, 1, 1, 1, '2020-05-29 23:40:33', NULL),
(1455, 2, 239, 1, 1, 1, 1, '2020-05-29 23:40:33', NULL),
(1456, 2, 240, 1, 0, 0, 0, '2020-05-28 20:51:18', NULL),
(1457, 2, 241, 1, 0, 0, 0, '2020-05-28 20:51:18', NULL),
(1458, 1, 240, 1, 0, 0, 0, '2020-06-07 18:30:42', NULL),
(1459, 1, 241, 1, 0, 0, 0, '2020-06-07 18:30:42', NULL),
(1460, 1, 242, 1, 0, 0, 0, '2020-06-07 18:30:42', NULL),
(1461, 2, 242, 1, 0, 0, 0, '2020-06-11 22:45:24', NULL),
(1462, 3, 242, 1, 0, 0, 0, '2020-06-14 22:46:54', NULL),
(1463, 6, 242, 1, 0, 0, 0, '2020-06-14 22:48:14', NULL),
(1464, 1, 243, 1, 0, 0, 0, '2020-09-12 06:05:45', NULL),
(1465, 1, 109, 1, 1, 0, 0, '2020-09-21 06:33:50', NULL),
(1466, 1, 108, 1, 0, 1, 1, '2026-04-25 13:47:23', NULL),
(1467, 1, 244, 1, 0, 0, 0, '2020-09-21 06:59:54', NULL),
(1468, 1, 245, 1, 0, 0, 0, '2020-09-21 06:59:54', NULL),
(1469, 1, 246, 1, 0, 0, 0, '2020-09-21 06:59:54', NULL),
(1470, 1, 247, 1, 0, 0, 0, '2021-01-07 06:12:14', NULL),
(1472, 2, 247, 1, 0, 0, 0, '2021-01-21 12:46:40', NULL),
(1473, 1, 248, 1, 1, 1, 0, '2025-08-02 05:23:29', NULL),
(1474, 1, 249, 1, 0, 0, 0, '2021-05-19 12:52:49', NULL),
(1475, 2, 248, 1, 1, 1, 0, '2024-06-07 03:59:29', NULL),
(1476, 3, 248, 1, 1, 1, 1, '2021-05-28 09:36:16', NULL),
(1477, 3, 249, 1, 0, 0, 0, '2021-05-28 09:36:16', NULL),
(1478, 6, 248, 1, 0, 0, 0, '2021-05-28 09:56:14', NULL),
(1479, 6, 249, 1, 0, 0, 0, '2021-05-28 09:56:14', NULL),
(1480, 2, 249, 1, 0, 0, 0, '2021-05-28 13:11:52', NULL),
(1481, 1, 274, 1, 1, 1, 0, '2025-08-02 05:23:29', NULL),
(1482, 1, 275, 1, 1, 1, 0, '2025-08-02 05:23:29', NULL),
(1483, 1, 276, 1, 1, 1, 0, '2025-08-02 05:23:29', NULL),
(1484, 1, 277, 1, 1, 1, 0, '2025-08-02 05:23:29', NULL),
(1485, 1, 278, 1, 1, 1, 0, '2025-08-02 05:23:29', NULL),
(1486, 1, 279, 1, 1, 1, 0, '2025-08-02 05:23:29', NULL),
(1487, 2, 108, 1, 0, 1, 0, '2024-06-07 03:59:29', NULL),
(1488, 2, 268, 1, 0, 0, 0, '2023-12-22 14:45:56', NULL),
(1489, 2, 269, 1, 0, 0, 0, '2023-12-22 14:45:56', NULL),
(1490, 2, 270, 1, 0, 0, 0, '2023-12-22 14:45:56', NULL),
(1491, 2, 6001, 1, 1, 0, 1, '2020-09-22 08:46:19', NULL),
(1492, 2, 6002, 1, 1, 0, 1, '2020-09-22 09:43:04', NULL),
(1494, 2, 6004, 1, 1, 0, 0, '2023-12-24 13:47:39', NULL),
(1496, 1, 6002, 1, 1, 0, 0, '2025-08-02 05:23:29', NULL),
(1498, 1, 6004, 1, 1, 0, 0, '2024-02-14 08:30:08', NULL),
(1499, 1, 6100, 1, 1, 1, 0, '2024-02-14 08:30:08', NULL),
(1500, 2, 6100, 1, 1, 1, 0, '2023-12-24 13:47:39', NULL),
(1501, 3, 6002, 1, 1, 0, 1, '2021-01-29 06:26:08', NULL),
(1503, 3, 6100, 1, 0, 1, 0, '2021-01-29 06:26:08', NULL),
(1504, 4, 6001, 1, 1, 0, 1, '2021-01-29 06:26:53', NULL),
(1505, 4, 6002, 1, 1, 0, 1, '2021-01-29 06:26:53', NULL),
(1506, 6, 6001, 1, 1, 0, 1, '2021-01-29 06:27:32', NULL),
(1507, 6, 6002, 1, 1, 0, 1, '2021-01-29 06:27:32', NULL),
(1508, 6, 6100, 1, 0, 1, 0, '2021-01-29 06:27:32', NULL),
(1509, 1, 8001, 1, 1, 0, 0, '2025-08-02 05:23:29', NULL),
(1510, 2, 8003, 1, 0, 0, 0, '2022-05-05 01:20:12', NULL),
(1511, 2, 8004, 1, 0, 0, 0, '2022-05-05 01:20:42', NULL),
(1512, 2, 8005, 1, 0, 0, 0, '2022-05-05 01:20:59', NULL),
(1513, 2, 8006, 1, 0, 0, 0, '2022-05-05 01:21:17', NULL),
(1514, 1, 8002, 1, 1, 1, 0, '2025-08-02 05:23:29', NULL),
(1515, 1, 8003, 1, 0, 0, 0, '2022-05-05 01:31:49', NULL),
(1516, 1, 8004, 1, 0, 0, 0, '2022-05-05 01:35:12', NULL),
(1517, 1, 8005, 1, 0, 0, 0, '2022-05-05 01:38:53', NULL),
(1518, 1, 8006, 1, 0, 0, 0, '2022-05-05 01:40:42', NULL),
(1519, 2, 8008, 1, 0, 0, 0, '2022-05-05 01:41:34', NULL),
(1520, 1, 8007, 1, 0, 0, 0, '2022-05-05 01:42:37', NULL),
(1521, 1, 8008, 1, 0, 0, 0, '2022-05-05 01:45:07', NULL),
(1522, 1, 8009, 1, 0, 1, 0, '2022-05-05 02:49:18', NULL),
(1523, 2, 8007, 1, 0, 0, 0, '2022-05-05 01:56:02', NULL),
(1524, 2, 8002, 1, 1, 1, 1, '2022-05-05 04:17:39', NULL),
(1525, 2, 8009, 1, 0, 1, 0, '2022-05-05 02:55:01', NULL),
(1526, 2, 8001, 1, 1, 0, 1, '2022-05-05 04:17:39', NULL),
(1527, 4, 8001, 1, 1, 0, 1, '2022-05-05 03:07:50', NULL),
(1528, 4, 8002, 1, 1, 1, 1, '2022-05-05 03:07:50', NULL),
(1529, 4, 8003, 1, 0, 0, 0, '2022-05-05 03:02:25', NULL),
(1530, 4, 8004, 1, 0, 0, 0, '2022-05-05 03:02:25', NULL),
(1531, 4, 8005, 1, 0, 0, 0, '2022-05-05 03:02:25', NULL),
(1532, 4, 8006, 1, 0, 0, 0, '2022-05-05 03:02:25', NULL),
(1533, 4, 8007, 1, 0, 0, 0, '2022-05-05 03:02:25', NULL),
(1534, 4, 8008, 1, 0, 0, 0, '2022-05-05 03:02:25', NULL),
(1535, 4, 8009, 1, 0, 0, 0, '2022-05-05 03:02:25', NULL),
(1536, 3, 8001, 1, 1, 0, 1, '2022-05-05 03:06:56', NULL),
(1537, 3, 8002, 1, 1, 1, 1, '2022-05-05 03:12:21', NULL),
(1538, 3, 8003, 1, 0, 0, 0, '2022-05-05 03:14:16', NULL),
(1539, 3, 8004, 1, 0, 0, 0, '2022-05-05 03:19:05', NULL),
(1540, 3, 8005, 1, 0, 0, 0, '2022-05-05 03:24:09', NULL),
(1541, 3, 8006, 1, 0, 0, 0, '2022-05-05 03:27:04', NULL),
(1542, 3, 8007, 1, 0, 0, 0, '2022-05-05 03:30:02', NULL),
(1543, 3, 8008, 1, 0, 0, 0, '2022-05-05 03:32:30', NULL),
(1544, 3, 8009, 1, 0, 1, 0, '2022-05-05 03:39:34', NULL),
(1545, 1, 10001, 1, 0, 0, 0, '2022-05-05 01:30:06', NULL),
(1546, 1, 10002, 1, 0, 0, 0, '2022-05-05 01:20:12', NULL),
(1547, 1, 10003, 1, 0, 0, 0, '2022-05-05 01:20:12', NULL),
(1548, 1, 10004, 1, 0, 0, 0, '2022-05-05 01:20:12', NULL),
(1549, 1, 10005, 1, 0, 0, 0, '2022-05-05 01:20:12', NULL),
(1550, 1, 10006, 1, 0, 0, 0, '2022-05-05 01:20:12', NULL),
(1551, 1, 10007, 1, 0, 0, 0, '2022-05-05 01:20:12', NULL),
(1552, 2, 267, 1, 0, 0, 0, '2024-01-26 15:23:58', NULL),
(1553, 1, 5005, 1, 0, 0, 0, '2020-06-14 04:42:11', NULL),
(1554, 2, 5005, 1, 0, 0, 0, '2020-06-14 04:59:50', NULL),
(1555, 3, 5004, 1, 0, 0, 0, '2020-06-14 05:03:50', NULL),
(1556, 2, 5004, 1, 0, 0, 0, '2020-06-14 05:03:50', NULL),
(1557, 1, 5004, 1, 0, 0, 0, '2020-06-14 04:42:11', NULL),
(1558, 6, 5003, 1, 0, 0, 0, '2020-06-14 05:05:52', NULL),
(1559, 4, 5003, 1, 0, 0, 0, '2020-06-14 05:05:28', NULL),
(1560, 3, 5003, 1, 1, 0, 1, '2020-06-14 05:03:50', NULL),
(1561, 2, 5003, 1, 1, 0, 1, '2020-06-14 04:59:50', NULL),
(1563, 2, 5002, 1, 1, 0, 1, '2020-06-14 04:59:50', NULL),
(1564, 1, 5002, 1, 1, 0, 0, '2025-08-02 05:23:29', NULL),
(1565, 1, 5001, 1, 0, 1, 0, '2020-06-14 04:42:11', NULL),
(1566, 2, 5001, 1, 0, 1, 0, '2020-06-14 04:42:11', NULL),
(1567, 1, 7001, 1, 1, 1, 0, '2025-08-02 05:23:29', NULL),
(1568, 1, 7002, 1, 0, 0, 0, '2021-05-16 21:28:47', NULL),
(1569, 1, 7003, 1, 1, 1, 0, '2025-08-02 05:23:29', NULL),
(1570, 1, 7005, 1, 1, 1, 0, '2025-08-02 05:23:29', NULL),
(1571, 1, 7004, 1, 1, 1, 0, '2025-08-02 05:23:29', NULL),
(1572, 1, 7006, 1, 1, 0, 0, '2021-05-16 21:28:47', NULL),
(1573, 1, 7007, 1, 0, 0, 0, '2021-05-11 02:00:50', NULL),
(1574, 1, 7008, 1, 0, 0, 0, '2021-05-11 02:00:50', NULL),
(1575, 1, 7009, 1, 0, 0, 0, '2021-05-11 02:00:50', NULL),
(1576, 1, 7010, 1, 0, 0, 0, '2021-05-11 02:00:50', NULL),
(1577, 2, 7001, 1, 1, 1, 1, '2021-05-15 03:07:28', NULL),
(1578, 2, 7002, 1, 0, 0, 0, '2021-05-17 02:51:44', NULL),
(1579, 2, 7003, 1, 1, 1, 1, '2021-05-15 02:28:38', NULL),
(1580, 2, 7004, 1, 1, 1, 1, '2021-05-15 02:28:38', NULL),
(1581, 3, 7006, 1, 1, 0, 0, '2021-05-17 02:52:19', NULL),
(1582, 3, 7007, 1, 0, 0, 0, '2021-05-16 20:32:06', NULL),
(1583, 1, 7011, 1, 0, 0, 0, '2021-05-16 21:28:47', NULL),
(1584, 2, 7005, 1, 1, 1, 1, '2021-05-17 02:51:44', NULL),
(1585, 2, 7010, 1, 0, 0, 0, '2021-05-17 02:51:44', NULL),
(1586, 1, 7012, 1, 0, 0, 0, '2025-08-02 05:23:29', NULL),
(1587, 1, 7013, 1, 0, 1, 0, '2025-08-02 05:23:29', NULL),
(1588, 1, 7014, 1, 1, 1, 0, '2025-08-02 05:23:29', NULL),
(1589, 6, 7014, 1, 1, 1, 1, '2022-06-18 01:09:15', NULL),
(1590, 6, 7013, 1, 0, 0, 0, '2022-06-18 01:13:07', NULL),
(1591, 4, 7012, 1, 0, 0, 0, '2022-07-14 20:22:20', NULL),
(1592, 4, 7013, 1, 0, 1, 1, '2022-07-14 20:26:29', NULL),
(1593, 4, 7014, 1, 1, 1, 1, '2022-07-14 20:24:48', NULL),
(1594, 2, 7012, 1, 0, 0, 1, '2022-07-14 21:01:12', NULL),
(1595, 2, 7013, 1, 0, 0, 1, '2022-07-14 21:01:12', NULL),
(1596, 2, 7014, 1, 0, 0, 1, '2022-07-14 21:01:12', NULL),
(1597, 3, 7012, 1, 0, 0, 0, '2022-07-14 21:31:18', NULL),
(1598, 3, 7013, 1, 0, 0, 0, '2022-07-14 21:31:18', NULL),
(1599, 3, 7014, 1, 0, 0, 0, '2022-07-14 21:31:18', NULL),
(1600, 1, 272, 1, 0, 0, 0, '2024-02-14 08:30:08', NULL),
(1601, 1, 251, 1, 1, 1, 0, '2025-08-02 05:23:29', NULL),
(1602, 1, 266, 1, 0, 0, 0, '2024-02-14 08:30:08', NULL),
(1603, 1, 267, 1, 0, 0, 0, '2024-02-14 08:30:08', NULL),
(1604, 1, 268, 1, 1, 1, 0, '2025-08-02 05:23:29', NULL),
(1605, 1, 269, 1, 0, 0, 0, '2025-08-02 05:23:29', NULL),
(1606, 1, 270, 1, 1, 1, 0, '2025-08-02 05:23:29', NULL),
(1607, 1, 259, 1, 0, 1, 0, '2024-02-14 08:30:08', NULL),
(1608, 1, 260, 1, 1, 1, 0, '2025-08-02 05:23:29', NULL),
(1609, 1, 261, 1, 1, 1, 0, '2025-08-02 05:23:29', NULL),
(1610, 1, 262, 1, 1, 1, 0, '2024-02-14 08:30:08', NULL),
(1611, 1, 252, 1, 0, 1, 0, '2024-02-14 08:30:08', NULL),
(1612, 1, 253, 1, 0, 0, 0, '2024-02-14 08:30:08', NULL),
(1613, 1, 254, 1, 1, 1, 0, '2025-08-02 05:23:29', NULL),
(1614, 1, 255, 1, 1, 1, 0, '2025-08-02 05:23:29', NULL),
(1615, 1, 256, 1, 0, 0, 0, '2024-02-14 08:30:08', NULL),
(1616, 1, 257, 1, 0, 0, 0, '2024-02-14 08:30:08', NULL),
(1617, 1, 258, 1, 0, 0, 0, '2024-02-14 08:30:08', NULL),
(1618, 1, 56, 1, 0, 1, 0, '2024-02-14 08:30:08', NULL),
(1619, 1, 126, 1, 0, 0, 0, '2024-02-14 08:30:08', NULL),
(1620, 1, 265, 1, 0, 0, 0, '2024-02-14 08:30:08', NULL),
(1621, 1, 271, 1, 0, 0, 0, '2024-02-14 08:30:08', NULL),
(1622, 1, 250, 1, 0, 0, 0, '2024-02-14 08:30:08', NULL),
(1623, 1, 263, 1, 1, 0, 0, '2025-08-02 05:23:29', NULL),
(1624, 1, 273, 1, 0, 0, 0, '2024-02-14 08:30:08', NULL),
(1625, 1, 9001, 1, 1, 1, 0, '2025-08-02 05:23:29', NULL),
(1626, 1, 9002, 1, 0, 0, 0, '2024-02-14 08:30:08', NULL),
(1627, 1, 9003, 1, 0, 1, 0, '2024-02-14 08:30:08', NULL),
(1628, 1, 9004, 1, 0, 1, 0, '2024-02-14 08:30:08', NULL),
(1629, 1, 9005, 1, 0, 1, 0, '2024-02-14 08:30:08', NULL),
(1630, 1, 9006, 1, 0, 1, 0, '2024-02-14 08:30:08', NULL),
(1631, 1, 9007, 1, 0, 1, 0, '2024-02-14 08:30:08', NULL),
(1632, 1, 9008, 1, 0, 0, 0, '2024-02-14 08:30:08', NULL),
(1633, 1, 9009, 1, 1, 1, 0, '2025-08-02 05:23:29', NULL),
(1634, 1, 9010, 1, 1, 1, 0, '2025-08-02 05:23:29', NULL),
(1635, 1, 9011, 1, 1, 1, 0, '2025-08-02 05:23:29', NULL),
(1636, 1, 9012, 1, 1, 1, 0, '2025-08-02 05:23:29', NULL),
(1637, 1, 9013, 1, 1, 1, 0, '2025-08-02 05:23:29', NULL),
(1638, 1, 9014, 1, 1, 1, 0, '2025-08-02 05:23:29', NULL),
(1639, 1, 9015, 1, 1, 1, 0, '2025-08-02 05:23:29', NULL),
(1640, 1, 9016, 1, 0, 0, 0, '2024-02-14 08:30:08', NULL),
(1641, 1, 9017, 1, 0, 0, 0, '2024-02-14 08:30:08', NULL),
(1642, 1, 9018, 1, 0, 0, 0, '2024-02-14 08:30:08', NULL),
(1643, 1, 9019, 1, 0, 0, 0, '2024-02-14 08:30:08', NULL),
(1644, 1, 9020, 1, 0, 0, 0, '2024-02-14 08:30:08', NULL),
(1645, 1, 12001, 1, 0, 0, 0, '2024-02-14 08:30:08', NULL),
(1646, 1, 12002, 1, 0, 0, 0, '2024-02-14 08:30:08', NULL),
(1647, 1, 12003, 1, 1, 1, 0, '2025-08-02 05:23:29', NULL),
(1648, 1, 12004, 1, 1, 1, 0, '2025-08-02 05:23:29', NULL),
(1649, 1, 12005, 1, 1, 1, 0, '2025-08-02 05:23:29', NULL),
(1650, 1, 12006, 1, 1, 1, 0, '2025-08-02 05:23:29', NULL),
(1651, 1, 12007, 1, 1, 1, 0, '2025-08-02 05:23:29', NULL),
(1652, 1, 12008, 1, 0, 0, 0, '2024-02-24 17:40:15', NULL),
(1653, 1, 12009, 1, 0, 0, 0, '2024-02-24 17:40:15', NULL),
(1654, 1, 12010, 1, 0, 0, 0, '2024-02-25 03:34:46', NULL),
(1655, 1, 233, 1, 0, 0, 0, '2024-03-15 06:11:18', NULL),
(1656, 8, 1, 1, 0, 0, 0, '2026-04-25 13:49:53', NULL),
(1657, 8, 2, 1, 0, 0, 0, '2024-03-20 06:32:34', NULL),
(1658, 8, 3, 1, 0, 0, 0, '2026-04-25 13:49:53', NULL),
(1659, 8, 4, 1, 0, 0, 0, '2026-04-25 13:49:53', NULL),
(1660, 8, 107, 1, 0, 0, 0, '2024-03-20 06:32:34', NULL),
(1661, 8, 128, 1, 0, 0, 0, '2026-04-25 13:49:53', NULL),
(1662, 8, 134, 1, 0, 0, 0, '2026-04-25 13:49:53', NULL),
(1663, 8, 15, 1, 0, 0, 0, '2024-03-20 06:32:34', NULL),
(1664, 8, 122, 1, 0, 0, 0, '2024-03-20 06:32:34', NULL),
(1665, 8, 136, 1, 1, 1, 1, '2024-03-20 06:32:34', NULL),
(1666, 8, 20, 1, 1, 1, 1, '2024-03-20 06:32:34', NULL),
(1667, 8, 137, 1, 1, 1, 1, '2024-03-20 06:32:34', NULL),
(1668, 8, 141, 1, 1, 1, 1, '2024-03-20 06:32:34', NULL),
(1669, 8, 142, 1, 0, 0, 0, '2024-03-20 06:32:34', NULL),
(1670, 8, 143, 1, 1, 1, 1, '2024-03-20 06:32:34', NULL),
(1671, 8, 144, 1, 0, 0, 0, '2024-03-20 06:32:34', NULL),
(1672, 8, 187, 1, 0, 0, 0, '2024-03-20 06:32:34', NULL),
(1673, 8, 196, 1, 0, 0, 0, '2024-03-20 06:32:34', NULL),
(1674, 8, 205, 1, 1, 1, 1, '2024-03-20 06:32:34', NULL),
(1675, 8, 207, 1, 0, 0, 0, '2024-03-20 06:32:34', NULL),
(1676, 8, 212, 1, 0, 1, 0, '2024-03-20 06:32:34', NULL),
(1677, 8, 251, 1, 1, 1, 1, '2024-03-20 06:32:34', NULL),
(1678, 8, 21, 1, 0, 1, 0, '2024-03-20 06:32:34', NULL),
(1679, 8, 23, 1, 1, 1, 1, '2024-03-20 06:32:34', NULL),
(1680, 8, 24, 1, 1, 1, 1, '2024-03-20 06:32:34', NULL),
(1681, 8, 25, 1, 1, 1, 1, '2024-03-20 06:32:34', NULL),
(1682, 8, 26, 1, 0, 0, 0, '2024-03-20 06:32:34', NULL),
(1683, 8, 77, 1, 1, 1, 1, '2024-03-20 06:32:34', NULL),
(1684, 8, 145, 1, 0, 0, 0, '2024-03-20 06:32:34', NULL),
(1685, 8, 188, 1, 1, 1, 1, '2024-03-20 06:32:34', NULL),
(1686, 8, 27, 1, 1, 0, 1, '2024-03-20 06:32:34', NULL),
(1687, 8, 268, 1, 1, 1, 1, '2024-03-20 06:32:34', NULL),
(1688, 8, 269, 1, 0, 0, 1, '2024-03-20 06:32:34', NULL),
(1689, 8, 37, 1, 1, 1, 1, '2024-03-20 06:32:34', NULL),
(1690, 8, 38, 1, 1, 1, 1, '2024-03-20 06:32:34', NULL),
(1691, 8, 39, 1, 1, 1, 1, '2024-03-20 06:32:34', NULL),
(1692, 8, 259, 1, 0, 1, 0, '2024-03-20 06:32:34', NULL),
(1693, 8, 260, 1, 1, 1, 1, '2024-03-20 06:32:34', NULL),
(1694, 8, 261, 1, 1, 1, 1, '2024-03-20 06:32:34', NULL),
(1695, 8, 262, 1, 1, 1, 0, '2024-03-20 06:32:34', NULL),
(1696, 8, 40, 1, 1, 1, 1, '2024-03-20 06:32:34', NULL),
(1697, 8, 41, 1, 1, 1, 1, '2024-03-20 06:32:34', NULL),
(1698, 8, 42, 1, 1, 1, 1, '2024-03-20 06:32:34', NULL),
(1699, 8, 43, 1, 1, 1, 1, '2024-03-20 06:32:34', NULL),
(1700, 8, 44, 1, 0, 0, 0, '2024-03-20 06:32:34', NULL),
(1701, 8, 253, 1, 0, 0, 0, '2024-03-20 06:32:34', NULL),
(1702, 8, 146, 1, 0, 0, 0, '2024-03-20 06:32:34', NULL),
(1703, 8, 147, 1, 0, 0, 0, '2024-03-20 06:32:34', NULL),
(1704, 8, 148, 1, 0, 0, 0, '2024-03-20 06:32:34', NULL),
(1705, 8, 149, 1, 0, 0, 0, '2024-03-20 06:32:34', NULL),
(1706, 8, 150, 1, 0, 0, 0, '2024-03-20 06:32:34', NULL),
(1707, 8, 151, 1, 0, 0, 0, '2024-03-20 06:32:34', NULL),
(1708, 8, 152, 1, 0, 0, 0, '2024-03-20 06:32:34', NULL),
(1709, 8, 153, 1, 0, 0, 0, '2024-03-20 06:32:34', NULL),
(1710, 8, 154, 1, 0, 0, 0, '2024-03-20 06:32:34', NULL),
(1711, 8, 155, 1, 0, 0, 0, '2024-03-20 06:32:34', NULL),
(1712, 8, 156, 1, 0, 0, 0, '2024-03-20 06:32:34', NULL),
(1713, 8, 157, 1, 0, 0, 0, '2024-03-20 06:32:34', NULL),
(1714, 8, 158, 1, 0, 0, 0, '2024-03-20 06:32:34', NULL),
(1715, 8, 159, 1, 0, 0, 0, '2024-03-20 06:32:34', NULL),
(1716, 8, 160, 1, 0, 0, 0, '2024-03-20 06:32:34', NULL),
(1717, 8, 161, 1, 0, 0, 0, '2024-03-20 06:32:34', NULL),
(1718, 8, 162, 1, 0, 0, 0, '2024-03-20 06:32:34', NULL),
(1719, 8, 163, 1, 0, 0, 0, '2024-03-20 06:32:34', NULL),
(1720, 8, 164, 1, 0, 0, 0, '2024-03-20 06:32:34', NULL),
(1721, 8, 165, 1, 0, 0, 0, '2024-03-20 06:32:34', NULL),
(1722, 8, 174, 1, 0, 0, 0, '2024-03-20 06:32:34', NULL),
(1723, 8, 175, 1, 0, 0, 0, '2024-03-20 06:32:34', NULL),
(1724, 8, 86, 1, 1, 1, 1, '2024-03-20 06:32:34', NULL),
(1725, 8, 87, 1, 0, 0, 0, '2024-03-20 06:32:34', NULL),
(1726, 8, 88, 1, 1, 1, 0, '2024-03-20 06:32:34', NULL),
(1727, 8, 108, 1, 0, 1, 1, '2024-03-20 06:32:34', NULL),
(1728, 8, 93, 1, 1, 1, 1, '2024-03-20 06:32:34', NULL),
(1729, 8, 94, 1, 1, 0, 0, '2024-03-20 06:32:34', NULL),
(1730, 8, 250, 1, 0, 0, 0, '2024-03-20 06:32:34', NULL),
(1731, 8, 96, 1, 1, 1, 1, '2024-03-20 06:32:34', NULL),
(1732, 8, 97, 1, 0, 0, 0, '2024-03-20 06:32:34', NULL),
(1733, 8, 98, 1, 1, 1, 1, '2024-03-20 06:32:34', NULL),
(1734, 8, 99, 1, 0, 0, 0, '2024-03-20 06:32:34', NULL),
(1735, 8, 248, 1, 1, 1, 1, '2024-03-20 06:32:34', NULL),
(1736, 8, 249, 1, 0, 0, 0, '2024-03-20 06:32:34', NULL),
(1737, 8, 102, 1, 1, 1, 1, '2024-03-20 06:32:34', NULL),
(1738, 8, 236, 1, 1, 1, 0, '2024-03-20 06:32:34', NULL),
(1739, 8, 237, 1, 0, 1, 0, '2024-03-20 06:32:34', NULL),
(1740, 8, 238, 1, 1, 1, 1, '2024-03-20 06:32:34', NULL),
(1741, 8, 239, 1, 1, 1, 1, '2024-03-20 06:32:34', NULL),
(1742, 8, 263, 1, 1, 0, 1, '2024-03-20 06:32:34', NULL),
(1743, 8, 273, 1, 0, 0, 0, '2024-03-20 06:32:34', NULL),
(1744, 8, 8001, 1, 1, 0, 1, '2024-03-20 06:32:34', NULL),
(1745, 8, 8002, 1, 1, 1, 1, '2024-03-20 06:32:34', NULL),
(1746, 8, 8003, 1, 0, 0, 0, '2024-03-20 06:32:34', NULL),
(1747, 8, 8004, 1, 0, 0, 0, '2024-03-20 06:32:34', NULL),
(1748, 8, 8005, 1, 0, 0, 0, '2024-03-20 06:32:34', NULL),
(1749, 8, 8006, 1, 0, 0, 0, '2024-03-20 06:32:34', NULL),
(1750, 8, 8007, 1, 0, 0, 0, '2024-03-20 06:32:34', NULL),
(1751, 8, 8008, 1, 0, 0, 0, '2024-03-20 06:32:34', NULL),
(1752, 8, 8009, 1, 0, 1, 0, '2024-03-20 06:32:34', NULL),
(1753, 9, 1, 1, 0, 0, 0, '2026-04-25 13:50:23', NULL),
(1754, 9, 2, 1, 0, 0, 0, '2024-04-26 07:54:56', NULL),
(1755, 9, 3, 1, 0, 0, 0, '2026-04-25 13:50:23', NULL),
(1756, 9, 4, 1, 0, 0, 0, '2026-04-25 13:50:23', NULL),
(1757, 9, 107, 1, 0, 0, 0, '2024-04-26 07:54:56', NULL),
(1758, 9, 128, 1, 0, 0, 0, '2026-04-25 13:50:23', NULL),
(1759, 9, 134, 1, 0, 0, 0, '2026-04-25 13:50:23', NULL),
(1760, 9, 5, 1, 0, 0, 0, '2024-04-26 07:54:56', NULL),
(1761, 9, 6, 1, 0, 0, 0, '2024-04-26 07:54:56', NULL),
(1762, 9, 7, 1, 0, 0, 0, '2024-04-26 07:54:56', NULL),
(1763, 9, 8, 1, 0, 0, 0, '2024-04-26 07:54:56', NULL),
(1764, 9, 68, 1, 0, 0, 0, '2024-04-26 07:54:56', NULL),
(1765, 9, 69, 1, 0, 0, 0, '2024-04-26 07:54:56', NULL),
(1766, 9, 70, 1, 0, 0, 0, '2024-04-26 07:54:56', NULL),
(1767, 9, 71, 1, 0, 0, 0, '2024-04-26 07:54:56', NULL),
(1768, 9, 73, 1, 0, 0, 0, '2024-04-26 07:54:56', NULL),
(1769, 9, 74, 1, 0, 0, 0, '2024-04-26 07:54:56', NULL),
(1770, 9, 135, 1, 0, 0, 0, '2024-04-26 07:54:56', NULL),
(1771, 9, 15, 1, 1, 1, 0, '2024-04-26 07:54:56', NULL),
(1772, 9, 122, 1, 0, 0, 0, '2024-04-26 07:54:56', NULL),
(1773, 9, 136, 1, 1, 1, 0, '2024-04-26 07:54:56', NULL),
(1774, 9, 20, 1, 1, 1, 0, '2024-04-26 07:54:56', NULL),
(1775, 9, 137, 1, 1, 1, 0, '2024-04-26 07:54:56', NULL),
(1776, 9, 141, 1, 1, 1, 0, '2025-08-11 15:11:55', NULL),
(1777, 9, 142, 1, 0, 0, 0, '2024-04-26 07:54:56', NULL),
(1778, 9, 143, 1, 1, 1, 0, '2025-08-11 15:11:55', NULL),
(1779, 9, 144, 1, 0, 0, 0, '2024-04-26 07:54:56', NULL),
(1780, 9, 187, 1, 0, 0, 0, '2024-04-26 07:54:56', NULL),
(1781, 9, 196, 1, 0, 0, 0, '2024-04-26 07:54:56', NULL),
(1782, 9, 205, 1, 1, 1, 0, '2025-08-11 15:11:55', NULL),
(1783, 9, 207, 1, 0, 0, 0, '2024-04-26 07:54:56', NULL),
(1784, 9, 208, 1, 0, 1, 0, '2024-04-26 07:54:56', NULL),
(1785, 9, 210, 1, 0, 1, 0, '2024-04-26 07:54:56', NULL),
(1786, 9, 211, 1, 0, 1, 0, '2024-04-26 07:54:56', NULL),
(1787, 9, 212, 1, 0, 1, 0, '2024-04-26 07:54:56', NULL),
(1788, 9, 251, 1, 1, 1, 0, '2025-08-11 15:11:55', NULL),
(1789, 9, 266, 1, 0, 0, 0, '2024-04-26 07:54:56', NULL),
(1790, 9, 267, 1, 0, 0, 0, '2024-04-26 07:54:56', NULL),
(1791, 9, 21, 1, 0, 1, 0, '2024-04-26 07:54:56', NULL),
(1792, 9, 23, 1, 1, 1, 0, '2025-08-11 15:11:55', NULL),
(1793, 9, 24, 1, 1, 1, 0, '2025-08-11 15:11:55', NULL),
(1794, 9, 25, 1, 1, 1, 0, '2025-08-11 15:11:55', NULL),
(1795, 9, 26, 1, 0, 0, 0, '2024-04-26 07:54:56', NULL),
(1796, 9, 77, 1, 1, 1, 0, '2024-04-26 07:54:56', NULL),
(1797, 9, 145, 1, 0, 0, 0, '2024-04-26 07:54:56', NULL),
(1798, 9, 43, 1, 0, 0, 0, '2024-04-26 07:54:56', NULL),
(1799, 9, 44, 1, 0, 0, 0, '2024-04-26 07:54:56', NULL),
(1800, 9, 46, 1, 0, 0, 0, '2024-04-26 07:54:56', NULL),
(1801, 9, 217, 1, 0, 0, 0, '2024-04-26 07:54:56', NULL),
(1802, 9, 254, 1, 1, 1, 0, '2025-08-11 15:11:55', NULL),
(1803, 9, 255, 1, 1, 1, 0, '2025-08-11 15:11:55', NULL),
(1804, 9, 146, 1, 0, 0, 0, '2024-04-26 07:54:56', NULL),
(1805, 9, 147, 1, 0, 0, 0, '2024-04-26 07:54:56', NULL),
(1806, 9, 148, 1, 0, 0, 0, '2024-04-26 07:54:56', NULL),
(1807, 9, 149, 1, 0, 0, 0, '2024-04-26 07:54:56', NULL),
(1808, 9, 150, 1, 0, 0, 0, '2024-04-26 07:54:56', NULL),
(1809, 9, 151, 1, 0, 0, 0, '2024-04-26 07:54:56', NULL),
(1810, 9, 152, 1, 0, 0, 0, '2024-04-26 07:54:56', NULL),
(1811, 9, 153, 1, 0, 0, 0, '2024-04-26 07:54:56', NULL),
(1812, 9, 154, 1, 0, 0, 0, '2024-04-26 07:54:56', NULL),
(1813, 9, 155, 1, 0, 0, 0, '2024-04-26 07:54:56', NULL),
(1814, 9, 156, 1, 0, 0, 0, '2024-04-26 07:54:56', NULL),
(1815, 9, 157, 1, 0, 0, 0, '2024-04-26 07:54:56', NULL),
(1816, 9, 158, 1, 0, 0, 0, '2024-04-26 07:54:56', NULL),
(1817, 9, 164, 1, 0, 0, 0, '2024-04-26 07:54:56', NULL),
(1818, 9, 165, 1, 0, 0, 0, '2024-04-26 07:54:56', NULL),
(1819, 9, 198, 1, 0, 0, 0, '2024-04-26 07:54:56', NULL),
(1820, 9, 200, 1, 0, 0, 0, '2024-04-26 07:54:56', NULL),
(1821, 9, 201, 1, 0, 0, 0, '2024-04-26 07:54:56', NULL),
(1822, 9, 202, 1, 0, 0, 0, '2024-04-26 07:54:56', NULL),
(1823, 9, 203, 1, 0, 0, 0, '2024-04-26 07:54:56', NULL),
(1824, 9, 204, 1, 0, 0, 0, '2024-04-26 07:54:56', NULL),
(1825, 9, 219, 1, 0, 0, 0, '2024-04-26 07:54:56', NULL),
(1826, 9, 220, 1, 0, 0, 0, '2024-04-26 07:54:56', NULL),
(1827, 9, 221, 1, 0, 0, 0, '2024-04-26 07:54:56', NULL),
(1828, 9, 223, 1, 0, 0, 0, '2024-04-26 07:54:56', NULL),
(1829, 9, 240, 1, 0, 0, 0, '2024-04-26 07:54:56', NULL),
(1830, 9, 241, 1, 0, 0, 0, '2024-04-26 07:54:56', NULL),
(1831, 9, 86, 1, 1, 1, 0, '2025-08-11 15:11:55', NULL),
(1832, 9, 87, 1, 0, 0, 0, '2024-04-26 07:54:56', NULL),
(1833, 9, 109, 1, 1, 0, 0, '2024-04-26 07:54:56', NULL),
(1834, 9, 110, 1, 1, 0, 0, '2024-04-26 07:54:56', NULL),
(1835, 9, 111, 1, 1, 0, 0, '2024-04-26 07:54:56', NULL),
(1836, 9, 112, 1, 1, 1, 0, '2025-08-11 15:11:55', NULL),
(1837, 9, 93, 1, 1, 1, 0, '2025-08-11 15:11:55', NULL),
(1838, 9, 94, 1, 1, 0, 0, '2024-04-26 07:54:56', NULL),
(1839, 9, 250, 1, 0, 0, 0, '2024-04-26 07:54:56', NULL),
(1893, 2, 263, 0, 0, 0, 1, '2024-06-07 03:59:29', NULL),
(1894, 9, 88, 1, 1, 1, 0, '2024-07-03 06:27:42', NULL),
(1895, 9, 108, 1, 0, 1, 0, '2024-07-03 06:27:42', NULL),
(1896, 9, 127, 1, 0, 0, 0, '2024-07-03 06:27:42', NULL),
(1897, 9, 189, 1, 0, 1, 0, '2025-08-11 15:11:55', NULL),
(1898, 3, 1, 1, 1, 1, 0, '2024-07-18 05:32:34', NULL),
(1899, 3, 3, 1, 1, 1, 0, '2024-07-18 05:32:34', NULL),
(1900, 3, 4, 1, 1, 1, 0, '2024-07-18 05:32:34', NULL),
(1901, 3, 107, 1, 0, 0, 0, '2024-07-18 05:32:34', NULL),
(1902, 3, 128, 1, 1, 1, 0, '2024-07-18 05:32:34', NULL),
(1903, 3, 134, 1, 1, 1, 0, '2024-07-18 05:32:34', NULL),
(1904, 9, 9001, 1, 1, 1, 1, '2024-09-19 10:47:19', NULL),
(1905, 9, 9003, 1, 0, 0, 0, '2024-09-19 10:47:19', NULL),
(1906, 9, 9004, 1, 0, 0, 0, '2024-09-19 10:47:19', NULL),
(1907, 9, 9005, 1, 0, 0, 0, '2024-09-19 10:47:19', NULL),
(1908, 9, 9006, 1, 0, 0, 0, '2024-09-19 10:47:19', NULL),
(1909, 9, 9007, 1, 0, 0, 0, '2024-09-19 10:47:19', NULL),
(1910, 9, 9008, 1, 0, 0, 0, '2024-09-19 10:47:19', NULL),
(1911, 9, 9009, 1, 0, 0, 0, '2024-09-19 10:47:19', NULL),
(1912, 9, 9010, 1, 0, 0, 0, '2024-09-19 10:47:19', NULL),
(1913, 2, 9001, 1, 0, 1, 0, '2024-10-22 07:24:39', NULL),
(1914, 2, 9003, 1, 0, 0, 0, '2024-10-22 07:24:39', NULL),
(1915, 2, 9004, 1, 0, 0, 0, '2024-10-22 07:26:22', NULL),
(1916, 2, 9005, 1, 0, 0, 0, '2024-10-22 07:26:22', NULL),
(1917, 13, 1, 1, 0, 0, 0, '2026-04-25 13:51:30', NULL),
(1924, 2, 9006, 1, 0, 1, 0, '2025-02-13 02:25:48', NULL),
(1925, 11, 1, 1, 0, 0, 0, '2026-04-25 13:50:48', NULL),
(1926, 11, 2, 1, 0, 0, 0, '2025-06-25 07:21:27', NULL),
(1927, 11, 3, 1, 0, 0, 0, '2025-06-25 07:21:27', NULL),
(1928, 11, 4, 1, 0, 0, 0, '2025-06-25 07:21:27', NULL),
(1929, 11, 107, 1, 0, 0, 0, '2025-06-25 07:21:27', NULL),
(1930, 11, 128, 1, 0, 0, 0, '2025-06-25 07:21:27', NULL),
(1931, 11, 134, 1, 0, 0, 0, '2025-06-25 07:21:27', NULL),
(1932, 11, 15, 1, 1, 1, 0, '2025-06-25 07:21:27', NULL),
(1933, 11, 122, 1, 0, 0, 0, '2025-06-25 07:21:27', NULL),
(1934, 11, 136, 1, 1, 1, 0, '2025-06-25 07:21:27', NULL),
(1935, 11, 20, 1, 1, 1, 0, '2025-06-25 07:21:27', NULL),
(1936, 11, 137, 1, 1, 1, 0, '2025-06-25 07:21:27', NULL),
(1937, 11, 141, 1, 1, 1, 0, '2025-06-25 07:21:27', NULL),
(1938, 11, 142, 1, 0, 0, 0, '2025-06-25 07:21:27', NULL),
(1939, 11, 143, 1, 1, 1, 0, '2025-06-25 07:21:27', NULL),
(1940, 11, 144, 1, 0, 0, 0, '2025-06-25 07:21:27', NULL),
(1941, 11, 187, 1, 0, 0, 0, '2025-06-25 07:21:27', NULL),
(1942, 11, 196, 1, 0, 0, 0, '2025-06-25 07:21:27', NULL),
(1943, 11, 205, 1, 1, 1, 0, '2025-06-25 07:21:27', NULL),
(1944, 11, 207, 1, 0, 0, 0, '2025-06-25 07:21:27', NULL),
(1945, 11, 208, 1, 0, 1, 0, '2025-06-25 07:21:27', NULL),
(1946, 11, 210, 1, 0, 1, 0, '2025-06-25 07:21:27', NULL),
(1947, 11, 211, 1, 0, 1, 0, '2025-06-25 07:21:27', NULL),
(1948, 11, 212, 1, 0, 1, 0, '2025-06-25 07:21:27', NULL),
(1949, 11, 267, 1, 0, 0, 0, '2025-06-25 07:21:27', NULL),
(1950, 11, 21, 1, 0, 1, 0, '2025-06-25 07:21:27', NULL),
(1951, 11, 23, 1, 0, 0, 0, '2025-06-25 07:21:27', NULL),
(1952, 11, 24, 1, 0, 0, 0, '2025-06-25 07:21:27', NULL),
(1953, 11, 25, 1, 0, 0, 0, '2025-06-25 07:21:27', NULL),
(1954, 11, 77, 1, 1, 1, 1, '2025-08-12 12:42:11', NULL),
(1955, 11, 145, 1, 0, 0, 0, '2025-06-25 07:21:27', NULL),
(1956, 11, 188, 1, 0, 0, 0, '2025-06-25 07:21:27', NULL),
(1957, 11, 27, 1, 1, 0, 0, '2025-06-25 07:21:27', NULL),
(1958, 11, 268, 1, 0, 0, 0, '2025-06-25 07:21:27', NULL),
(1959, 11, 269, 1, 0, 0, 0, '2025-06-25 07:21:27', NULL),
(1960, 11, 270, 1, 0, 0, 0, '2025-06-25 07:21:27', NULL),
(1961, 11, 43, 1, 1, 1, 1, '2025-06-25 07:21:27', NULL),
(1962, 11, 44, 1, 0, 0, 0, '2025-06-25 07:21:27', NULL),
(1963, 11, 46, 1, 0, 0, 0, '2025-06-25 07:21:27', NULL),
(1964, 11, 217, 1, 0, 0, 0, '2025-06-25 07:21:27', NULL),
(1965, 11, 146, 1, 0, 0, 0, '2025-06-25 07:21:27', NULL),
(1966, 11, 147, 1, 0, 0, 0, '2025-06-25 07:21:27', NULL),
(1967, 11, 148, 1, 0, 0, 0, '2025-06-25 07:21:27', NULL),
(1968, 11, 149, 1, 0, 0, 0, '2025-06-25 07:21:27', NULL),
(1969, 11, 150, 1, 0, 0, 0, '2025-06-25 07:21:27', NULL),
(1970, 11, 151, 1, 0, 0, 0, '2025-06-25 07:21:27', NULL),
(1971, 11, 152, 1, 0, 0, 0, '2025-06-25 07:21:27', NULL),
(1972, 11, 153, 1, 0, 0, 0, '2025-06-25 07:21:27', NULL),
(1973, 11, 154, 1, 0, 0, 0, '2025-06-25 07:21:27', NULL),
(1974, 11, 164, 1, 0, 0, 0, '2025-06-25 07:21:27', NULL),
(1975, 11, 174, 1, 0, 0, 0, '2025-06-25 07:21:27', NULL),
(1976, 11, 175, 1, 0, 0, 0, '2025-06-25 07:21:27', NULL),
(1977, 11, 197, 1, 0, 0, 0, '2025-06-25 07:21:27', NULL),
(1978, 11, 198, 1, 0, 0, 0, '2025-06-25 07:21:27', NULL),
(1979, 11, 200, 1, 0, 0, 0, '2025-06-25 07:21:27', NULL),
(1980, 11, 201, 1, 0, 0, 0, '2025-06-25 07:21:27', NULL),
(1981, 11, 202, 1, 0, 0, 0, '2025-06-25 07:21:27', NULL),
(1982, 11, 203, 1, 0, 0, 0, '2025-06-25 07:21:27', NULL),
(1983, 11, 219, 1, 0, 0, 0, '2025-06-25 07:21:27', NULL),
(1984, 11, 223, 1, 0, 0, 0, '2025-06-25 07:21:27', NULL),
(1985, 11, 240, 1, 0, 0, 0, '2025-06-25 07:21:27', NULL),
(1986, 11, 241, 1, 0, 0, 0, '2025-06-25 07:21:27', NULL),
(1987, 11, 242, 1, 0, 0, 0, '2025-06-25 07:21:27', NULL),
(1988, 11, 213, 1, 0, 0, 0, '2025-06-25 07:21:27', NULL),
(1989, 11, 86, 1, 1, 1, 0, '2025-09-01 08:15:08', NULL),
(1990, 11, 108, 1, 0, 1, 0, '2025-06-25 07:21:27', NULL),
(1991, 11, 109, 1, 1, 0, 0, '2025-06-25 07:21:27', NULL),
(1992, 11, 93, 1, 1, 1, 1, '2025-06-25 07:21:27', NULL),
(1993, 11, 94, 1, 1, 0, 0, '2025-06-25 07:21:27', NULL),
(1994, 11, 248, 1, 1, 1, 0, '2025-06-25 07:21:27', NULL),
(1995, 11, 249, 1, 0, 0, 0, '2025-06-25 07:21:27', NULL),
(1996, 11, 102, 1, 1, 1, 0, '2025-06-25 07:21:27', NULL),
(1997, 11, 106, 1, 0, 0, 0, '2025-06-25 07:21:27', NULL),
(1998, 11, 117, 1, 0, 0, 0, '2025-06-25 07:21:27', NULL),
(1999, 11, 195, 1, 0, 0, 0, '2025-06-25 07:21:27', NULL),
(2000, 11, 230, 1, 0, 0, 0, '2025-06-25 07:21:27', NULL),
(2001, 11, 185, 1, 1, 1, 0, '2025-06-25 07:21:27', NULL),
(2002, 11, 186, 1, 1, 1, 0, '2025-06-25 07:21:27', NULL),
(2003, 11, 214, 1, 0, 0, 0, '2025-06-25 07:21:27', NULL),
(2004, 11, 222, 1, 0, 0, 0, '2025-06-25 07:21:27', NULL),
(2005, 11, 247, 1, 0, 0, 0, '2025-06-25 07:21:27', NULL),
(2006, 11, 224, 1, 0, 0, 0, '2025-06-25 07:21:27', NULL),
(2007, 11, 232, 1, 0, 1, 0, '2025-06-25 07:21:27', NULL),
(2008, 11, 236, 1, 1, 1, 0, '2025-06-25 07:21:27', NULL),
(2009, 11, 237, 1, 0, 1, 0, '2025-06-25 07:21:27', NULL),
(2010, 11, 238, 1, 1, 1, 1, '2025-06-25 07:21:27', NULL),
(2011, 11, 239, 1, 1, 1, 1, '2025-06-25 07:21:27', NULL),
(2012, 11, 263, 0, 0, 0, 1, '2025-06-25 07:21:27', NULL),
(2013, 11, 5001, 1, 0, 1, 0, '2025-06-25 07:21:27', NULL),
(2014, 11, 5002, 1, 1, 0, 1, '2025-06-25 07:21:27', NULL),
(2015, 11, 5003, 1, 1, 0, 1, '2025-06-25 07:21:27', NULL),
(2016, 11, 5004, 1, 0, 0, 0, '2025-06-25 07:21:27', NULL),
(2017, 11, 5005, 1, 0, 0, 0, '2025-06-25 07:21:27', NULL),
(2018, 11, 6001, 1, 1, 0, 1, '2025-06-25 07:21:27', NULL),
(2019, 11, 6002, 1, 1, 0, 1, '2025-06-25 07:21:27', NULL),
(2020, 11, 6004, 1, 1, 0, 0, '2025-06-25 07:21:27', NULL),
(2021, 11, 6100, 1, 1, 1, 0, '2025-06-25 07:21:27', NULL),
(2022, 11, 7001, 1, 1, 1, 1, '2025-06-25 07:21:27', NULL),
(2023, 11, 7002, 1, 0, 0, 0, '2025-06-25 07:21:27', NULL),
(2024, 11, 7003, 1, 1, 1, 1, '2025-06-25 07:21:27', NULL),
(2025, 11, 7004, 1, 1, 1, 1, '2025-06-25 07:21:27', NULL),
(2026, 11, 7005, 1, 1, 1, 1, '2025-06-25 07:21:27', NULL),
(2027, 11, 7010, 1, 0, 0, 0, '2025-06-25 07:21:27', NULL),
(2028, 11, 7012, 1, 0, 0, 1, '2025-06-25 07:21:27', NULL),
(2029, 11, 7013, 1, 0, 0, 1, '2025-06-25 07:21:27', NULL),
(2030, 11, 7014, 1, 0, 0, 1, '2025-06-25 07:21:27', NULL),
(2031, 11, 8001, 1, 1, 0, 1, '2025-06-25 07:21:27', NULL),
(2032, 11, 8002, 1, 1, 1, 1, '2025-06-25 07:21:27', NULL),
(2033, 11, 8003, 1, 0, 0, 0, '2025-06-25 07:21:27', NULL),
(2034, 11, 8004, 1, 0, 0, 0, '2025-06-25 07:21:27', NULL),
(2035, 11, 8005, 1, 0, 0, 0, '2025-06-25 07:21:27', NULL),
(2036, 11, 8006, 1, 0, 0, 0, '2025-06-25 07:21:27', NULL),
(2037, 11, 8007, 1, 0, 0, 0, '2025-06-25 07:21:27', NULL),
(2038, 11, 8008, 1, 0, 0, 0, '2025-06-25 07:21:27', NULL),
(2039, 11, 8009, 1, 0, 1, 0, '2025-06-25 07:21:27', NULL),
(2040, 11, 9001, 1, 0, 1, 0, '2025-06-25 07:21:27', NULL),
(2041, 11, 9003, 1, 0, 0, 0, '2025-06-25 07:21:27', NULL),
(2042, 11, 9004, 1, 0, 0, 0, '2025-06-25 07:21:27', NULL),
(2043, 11, 9005, 1, 0, 0, 0, '2025-06-25 07:21:27', NULL),
(2044, 11, 9006, 1, 0, 1, 0, '2025-06-25 07:21:27', NULL);

INSERT INTO `roles_permissions` (`id`, `role_id`, `perm_cat_id`, `can_view`, `can_add`, `can_edit`, `can_delete`, `created_at`, `is_central`) VALUES
(2045, 9, 246, 1, 0, 0, 0, '2025-08-11 15:14:37', NULL),
(2046, 9, 197, 1, 0, 0, 0, '2025-08-11 15:20:23', NULL),
(2047, 11, 252, 1, 0, 1, 0, '2025-08-12 12:42:11', NULL),
(2048, 11, 253, 1, 0, 0, 0, '2025-08-12 12:42:11', NULL),
(2049, 11, 254, 1, 1, 1, 1, '2025-08-12 12:42:11', NULL),
(2050, 11, 255, 1, 1, 1, 1, '2025-08-12 12:42:11', NULL),
(2051, 11, 165, 1, 0, 0, 0, '2025-08-12 12:42:11', NULL),
(2052, 11, 204, 1, 0, 0, 0, '2025-08-12 12:42:11', NULL),
(2053, 11, 220, 1, 0, 0, 0, '2025-08-12 12:42:11', NULL),
(2054, 11, 244, 1, 0, 0, 0, '2025-08-12 12:42:11', NULL),
(2055, 11, 245, 1, 0, 0, 0, '2025-08-12 12:42:11', NULL),
(2056, 11, 87, 1, 0, 0, 0, '2025-08-12 12:42:11', NULL),
(2057, 11, 88, 1, 0, 0, 0, '2025-08-12 12:42:11', NULL),
(2058, 11, 110, 1, 1, 1, 0, '2025-08-12 12:42:11', NULL),
(2059, 11, 111, 1, 1, 1, 0, '2025-09-13 08:14:29', NULL),
(2060, 11, 112, 1, 1, 1, 0, '2025-09-13 08:14:29', NULL),
(2061, 11, 127, 1, 0, 0, 0, '2025-08-12 12:42:11', NULL),
(2062, 11, 129, 1, 1, 1, 0, '2025-09-13 08:14:29', NULL),
(2063, 11, 189, 1, 0, 1, 0, '2025-09-13 08:14:29', NULL),
(2064, 11, 12003, 1, 0, 0, 0, '2025-08-12 12:42:31', NULL),
(2065, 11, 12004, 1, 0, 0, 0, '2025-08-12 12:42:31', NULL),
(2066, 11, 12005, 1, 0, 0, 0, '2025-08-12 12:42:31', NULL),
(2067, 11, 12006, 1, 0, 0, 0, '2025-08-12 12:42:31', NULL),
(2068, 11, 12007, 1, 0, 0, 0, '2025-08-12 12:42:31', NULL),
(2069, 11, 90, 1, 0, 0, 0, '2025-09-01 08:15:08', NULL),
(2070, 11, 246, 1, 0, 0, 0, '2025-09-13 08:14:29', NULL),
(2071, 12, 1, 1, 0, 0, 0, '2026-04-25 13:51:48', NULL);


-- sidebar_menus
INSERT INTO `sidebar_menus` (`id`, `permission_group_id`, `icon`, `menu`, `activate_menu`, `lang_key`, `system_level`, `level`, `sidebar_display`, `access_permissions`, `is_active`, `created_at`) VALUES
(1, 17, 'fa fa-ioxhost ftlayer', 'Front Office', 'front_office', 'front_office', 10, 9, 1, '(\'admission_enquiry\', \'can_view\') || (\'visitor_book\', \'can_view\') ||       (\'phon_call_log\', \'can_view\') ||  (\'postal_dispatch\', \'can_view\') ||       (\'postal_receive\', \'can_view\') || (\'complaint\', \'can_view\') ||(\'setup_font_office\', \'can_view\')', 1, '2025-06-27 10:25:58'),
(2, 1, 'fa fa-user-plus ftlayer', 'Student Information', 'student_information', 'student_information', 20, 1, 1, '(\'student\', \'can_view\') || (\'student\', \'can_add\') || (\'student_history\', \'can_view\') || (\'student_categories\', \'can_view\') || (\'student_houses\', \'can_view\') || (\'disable_student\', \'can_view\') || (\'disable_reason\', \'can_view\') || (\'online_admission\', \'can_view\') || (\'multiclass_student\', \'can_view\') || (\'disable_reason\', \'can_view\')', 1, '2025-06-19 05:39:25'),
(3, 2, 'fa fa-money ftlayer', 'Fees Collection', 'fees_collection', 'fees_collection', 30, 2, 1, '(\'collect_fees\', \'can_view\') || (\'search_fees_payment\', \'can_view\') || (\'search_due_fees\', \'can_view\') || (\'fees_statement\', \'can_view\') || (\'fees_carry_forward\', \'can_view\') || (\'fees_master\', \'can_view\') || (\'fees_group\', \'can_view\') || (\'fees_type\', \'can_view\') || (\'fees_discount\', \'can_view\') || (\'accountants\', \'can_view\')', 1, '2025-06-19 05:40:46'),
(4, 3, 'fa fa-usd ftlayer', 'Income', 'income', 'income', 40, 14, 1, '(\'income\', \'can_view\') || (\'search_income\', \'can_view\') || (\'income_head\', \'can_view\')', 1, '2025-06-27 10:25:50'),
(7, 4, 'fa fa-credit-card ftlayer', 'Expense', 'expense', 'expenses', 50, 15, 1, '(\'expense\', \'can_view\') || (\'search_expense\', \'can_view\') || (\'expense_head\', \'can_view\')', 1, '2025-06-27 10:25:50'),
(10, 5, 'fa fa-calendar-check-o ftlayer', 'Attendance', 'attendance', 'attendance', 60, 3, 1, '(\'student_attendance\', \'can_view\')', 1, '2025-06-27 10:26:07'),
(11, 6, 'fa fa-map-o ftlayer', 'Examinations', 'examinations', 'examinations', 70, 16, 1, '(\'exam_group\', \'can_view\') || (\'exam_result\', \'can_view\') || (\'design_admit_card\', \'can_view\') || (\'print_admit_card\', \'can_view\') || (\'design_marksheet\', \'can_view\') || (\'print_marksheet\', \'can_view\') || (\'marks_grade\', \'can_view\')', 1, '2025-06-27 10:25:50'),
(12, 23, 'fa fa-rss ftlayer', 'Online Examinations', 'online_examinations', 'online_examinations', 80, 18, 1, '(\'online_examination\', \'can_view\') ||  (\'question_bank\', \'can_view\'', 1, '2025-06-27 10:25:50'),
(13, 29, 'fa fa-list-alt ftlayer', 'Lesson Plan', 'lesson_plan', 'lesson_plan', 90, 7, 1, '(\'manage_lesson_plan\', \'can_view\') || (\'manage_syllabus_status\', \'can_view\') || (\'lesson\', \'can_view\') ||  (\'topic\', \'can_view\')||  (\'copy_old_lesson\', \'can_view\')', 1, '2025-06-27 10:26:10'),
(14, 7, 'fa fa-mortar-board ftlayer', 'Academics', 'academics', 'academics', 100, 5, 1, '(\'class_timetable\', \'can_view\') || (\'teachers_timetable\', \'can_view\') || (\'assign_class_teacher\', \'can_view\') || (\'promote_student\', \'can_view\') || (\'subject_group\', \'can_view\') || (\'section\', \'can_view\') || (\'subject\', \'can_view\') || (\'class\', \'can_view\') || (\'section\', \'can_view\')', 1, '2025-06-27 10:26:10'),
(15, 18, 'fa fa-sitemap ftlayer', 'Human Resource', 'human_resource', 'human_resource', 110, 6, 1, '(\'staff\', \'can_view\') || (\'approve_leave_request\', \'can_view\') || (\'apply_leave\', \'can_view\') || (\'leave_types\', \'can_view\') || (\'teachers_rating\', \'can_view\') || (\'department\', \'can_view\') || (\'designation\', \'can_view\') || (\'disable_staff\', \'can_view\')', 1, '2025-06-27 10:26:10'),
(16, 13, 'fa fa-bullhorn ftlayer', 'Communicate', 'communicate', 'communicate', 120, 21, 1, '(\'notice_board\', \'can_view\') || (\'email\', \'can_view\') || (\'sms\', \'can_view\') || (\'email_sms_log\', \'can_view\')', 1, '2025-06-19 05:39:15'),
(17, 8, 'fa fa-download ftlayer', 'Download Center', 'download_center', 'download_center', 130, 22, 1, '(\'upload_content\', \'can_view\') || (\'video_tutorial\', \'can_view\') || (\'content_type\', \'can_view\') || (\'content_share_list\', \'can_view\')', 1, '2025-06-19 05:39:15'),
(18, 19, 'fa fa-flask ftlayer', 'Homework', 'homework', 'homework', 140, 8, 1, '(\'homework\', \'can_view\') || (\'homework\', \'can_view\')', 1, '2025-06-27 10:26:10'),
(19, 9, 'fa fa-book ftlayer', 'Library', 'library', 'library', 150, 23, 1, '(\'books\', \'can_view\') || (\'issue_return\', \'can_view\') || (\'add_staff_member\', \'can_view\') || (\'add_student\', \'can_view\')', 1, '2025-06-19 05:39:15'),
(20, 10, 'fa fa-object-group ftlayer', 'Inventory', 'inventory', 'inventory', 160, 24, 1, '(\'issue_item\', \'can_view\') || (\'item_stock\', \'can_view\') || (\'item\', \'can_view\') || (\'item_category\', \'can_view\') || (\'item_category\', \'can_view\') || (\'store\', \'can_view\') || (\'supplier\', \'can_view\')', 1, '2025-06-19 05:39:15'),
(21, 11, 'fa fa-bus ftlayer', 'Transport', 'transport', 'transport', 170, 25, 1, '(\'routes\', \'can_view\') || (\'vehicle\', \'can_view\') || (\'assign_vehicle\', \'can_view\') || (\'transport_fees_master\', \'can_view\') || (\'pickup_point\', \'can_view\') || (\'route_pickup_point\', \'can_view\') || (\'student_transport_fees\', \'can_view\')      ', 1, '2025-06-19 05:39:15'),
(22, 12, 'fa fa-building-o ftlayer', 'Hostel', 'hostel', 'hostel', 180, 26, 1, '(\'hostel_rooms\', \'can_view\') || (\'room_type\', \'can_view\') || (\'hostel\', \'can_view\')', 1, '2025-06-19 05:39:15'),
(23, 20, 'fa fa-newspaper-o ftlayer', 'Certificate', 'certificate', 'certificate', 190, 27, 1, '(\'student_certificate\', \'can_view\') || (\'generate_certificate\', \'can_view\') || (\'student_id_card\', \'can_view\') || (\'generate_id_card\', \'can_view\') || (\'staff_id_card\', \'can_view\') || (\'generate_staff_id_card\', \'can_view\')', 1, '2025-06-19 05:39:15'),
(24, 16, 'fa fa-empire ftlayer', 'Front CMS', 'front_cms', 'front_cms', 200, 28, 1, '(\'event\', \'can_view\') || (\'gallery\', \'can_view\') || (\'notice\', \'can_view\') || (\'media_manager\', \'can_view\') || (\'pages\', \'can_view\') || (\'menus\', \'can_view\') || (\'banner_images\', \'can_view\')', 1, '2025-06-19 05:39:15'),
(25, 28, 'fa fa-universal-access ftlayer', 'Alumni', 'alumni', 'alumni', 210, 29, 1, '(\'manage_alumni\', \'can_view\') || (\'events\', \'can_view\')', 1, '2025-06-19 05:39:15'),
(26, 14, 'fa fa-line-chart ftlayer', 'Reports', 'reports', 'reports', 220, 33, 1, '(\'student_report\', \'can_view\') || (\'guardian_report\', \'can_view\') || (\'student_history\', \'can_view\') || (\'student_login_credential_report\', \'can_view\') || (\'class_subject_report\', \'can_view\') || (\'admission_report\', \'can_view\') || (\'sibling_report\', \'can_view\') || (\'evaluation_report\', \'can_view\') || (\'student_profile\', \'can_view\') || (\'fees_statement\', \'can_view\') || (\'balance_fees_report\', \'can_view\') || (\'fees_collection_report\', \'can_view\') || (\'online_fees_collection_report\', \'can_view\') || (\'income_report\', \'can_view\') || (\'expense_report\', \'can_view\') || (\'payroll_report\', \'can_view\') || (\'income_group_report\', \'can_view\') || (\'expense_group_report\', \'can_view\') || (\'attendance_report\', \'can_view\') || (\'staff_attendance_report\', \'can_view\') || (\'exam_marks_report\', \'can_view\') ||        (\'online_exam_wise_report\', \'can_view\') || (\'online_exams_report\', \'can_view\') || (\'online_exams_attempt_report\', \'can_view\') || (\'online_exams_rank_report\', \'can_view\') || (\'payroll_report\', \'can_view\') || (\'transport_report\', \'can_view\') || (\'hostel_report\', \'can_view\') || (\'audit_trail_report\', \'can_view\') || (\'user_log\', \'can_view\') || (\'book_issue_report\', \'can_view\') || (\'book_due_report\', \'can_view\') || (\'book_inventory_report\', \'can_view\') || (\'stock_report\', \'can_view\') ||      (\'add_item_report\', \'can_view\') || (\'issue_inventory_report\', \'can_view\') || (\'syllabus_status_report\', \'can_view\') ||    (\'teacher_syllabus_status_report\', \'can_view\') || (\'daily_collection_report\', \'can_view\') || (\'balance_fees_statement\', \'can_view\') || (\'balance_fees_report_with_remark\', \'can_view\')', 1, '2025-06-19 05:40:21'),
(27, 15, 'fa fa-gears ftlayer', 'System Settings', 'system_settings', 'system_setting', 230, 30, 1, '(\'general_setting\', \'can_view\') || (\'session_setting\', \'can_view\') || (\'notification_setting\', \'can_view\') || (\'sms_setting\', \'can_view\') || (\'email_setting\', \'can_view\') || (\'payment_methods\', \'can_view\') || (\'languages\', \'can_view\') || (\'user_status\', \'can_view\') || (\'backup_restore\', \'can_view\') || (\'print_header_footer\', \'can_view\') || (\'backup\', \'can_view\') || (\'front_cms_setting\', \'can_view\') || (\'custom_fields\', \'can_view\') || (\'system_fields\', \'can_view\') || (\'student_profile_update\', \'can_view\') || (\'currency\', \'can_view\') || (\'language_switcher\', \'can_view\') || (\'sidebar_menu\', \'can_view\') || (\'online_admission\', \'can_view\')\r\n', 1, '2025-06-19 05:40:21'),
(28, 101, 'fa fa-inr ftlayer', 'Account & Finance', 'account_finance', 'account_finance', 231, 31, 1, '(\'chart_of_account\', \'can_view\') || (\'account_report\', \'can_view\') ||', 1, '2025-06-19 05:40:21'),
(29, 101, 'fa fa-flag ftlayer', 'finance_reports', 'finance_reports', 'finance_reports', 232, 32, 1, '', 1, '2025-06-19 05:40:21'),
(30, 600, 'fa fa-video-camera', 'gmeet', 'gmeet', 'gmeet', 233, 19, 1, '(\'live_classes\', \'can_view\') || (\'live_meeting\', \'can_view\') || (\'live_meeting_report\', \'can_view\') || (\'live_classes_report\', \'can_view\') || (\'setting\', \'can_view\') ||', 1, '2025-06-27 10:25:50'),
(34, 900, 'fa fa-file-text-o', 'CBSE Examination', 'cbse_exam', 'cbse_exam', 69, 4, 1, '(\'subject_marks_report\', \'can_view\') || (\'template_marks_report\', \'can_view\') || (\'cbse_exam\', \'can_view\') ||  (\'cbse_exam_print_marksheet\', \'can_view\') ||  (\'cbse_exam_grade\', \'can_view\') ||  (\'cbse_exam_assign_observation\', \'can_view\') || (\'cbse_exam_observation\', \'can_view\') || (\'cbse_exam_observation_parameter\', \'can_view\') || (\'cbse_exam_assessment\', \'can_view\') || (\'cbse_exam_term\', \'can_view\') || (\'cbse_exam_template\', \'can_view\') || (\'cbse_exam_schedule\', \'can_view\') ', 1, '2025-06-27 10:26:10'),
(35, 1000, 'fa fa-sitemap ftlayer', 'Multi Branch', 'multi_branch', 'multi_branch', 0, 10, 1, '(\'multi_branch_overview\', \'can_view\') || (\'multi_branch_daily_collection_report\', \'can_view\') || (\'multi_branch_payroll\', \'can_view\') || (\'multi_branch_income_report\', \'can_view\') || (\'multi_branch_expense_report\', \'can_view\') || (\'multi_branch_user_log_report\', \'can_view\') || (\'multi_branch_setting\', \'can_view\')', 1, '2025-06-27 10:25:50'),
(36, 800, 'fa fa-map-signs ftlayer', 'Behaviour Records', 'behaviour_records', 'behaviour_records', 0, 11, 1, '(\'student_incident_report\', \'can_view\') || (\'student_behaviour_rank_report\', \'can_view\') || (\'class_wise_rank_report\', \'can_view\') || (\'class_section_wise_rank_report\', \'can_view\') || (\'house_wise_rank_report\', \'can_view\') || (\'incident_wise_report\', \'can_view\') || (\'behaviour_records_assign_incident\', \'can_view\') || (\'behaviour_records_incident\', \'can_view\') || (\'behaviour_records_setting\', \'can_view\')', 1, '2025-06-27 10:25:50'),
(37, 1200, 'fa fa-qrcode', 'QR Code Attendance', 'qr_code_attendance', 'qr_code_attendance', 230, 17, 1, '(\'qr_code_attendance\', \'can_view\') || (\'qr_code_setting\', \'can_view\')\n\n', 1, '2025-06-27 10:25:50'),
(38, 600, 'fa fa-video-camera', 'zoom', 'zoom', 'zoom_live_classes', 233, 20, 1, '(\'meeting\', \'can_view\') || (\'timetable\', \'can_view\') || (\'class_report\', \'can_view\') || (\'meeting_report\', \'can_view\') || (\'conference\', \'can_view\') ||', 1, '2025-06-27 10:25:50'),
(39, 700, 'fa fa-file-video-o ftlayer', 'Online Course', 'online_course', 'online_course', 0, 12, 1, '(\'online_course\', \'can_view\') || (\'online_course_offline_payment\', \'can_view\') || (\'student_course_purchase_report\', \'can_view\') || (\'course_sell_count_report\', \'can_view\') || (\'online_course_setting\', \'can_view\')|| (\'course_category\', \'can_view\') || (\'guest_report\', \'can_view\')|| (\'course_rating_report\', \'can_view\')', 1, '2025-06-27 10:25:50'),
(40, 1300, 'fa fa-tasks', 'Lead Manager', 'lead_manager', 'lead_manager', 0, 13, 1, '(\'leads\', \'can_view\') || (\'index\', \'can_view\') || (\'lead_manager\', \'can_view\') || (\'all_leads\', \'can_view\') || (\'unmanaged_leads\', \'can_view\') || (\'managed_leads\', \'can_view\') || (\'leads_follow_up\', \'can_view\')', 1, '2025-06-27 10:25:50');


-- sidebar_sub_menus
INSERT INTO `sidebar_sub_menus` (`id`, `sidebar_menu_id`, `menu`, `key`, `lang_key`, `url`, `level`, `access_permissions`, `permission_group_id`, `activate_controller`, `activate_methods`, `addon_permission`, `is_active`, `created_at`) VALUES
(1, 1, 'admission_enquiry', NULL, 'admission_enquiry', 'admin/enquiry', 1, '(\'admission_enquiry\', \'can_view\')', NULL, 'enquiry', 'index', NULL, 1, '2022-07-11 12:04:46'),
(2, 1, 'visitor_book', NULL, 'visitor_book', 'admin/visitors', 2, '(\'visitor_book\', \'can_view\')', NULL, 'visitors', 'index', NULL, 1, '2022-07-11 12:04:46'),
(3, 1, 'phone_call_log', NULL, 'phone_call_log', 'admin/generalcall', 3, '(\'phone_call_log\', \'can_view\')', NULL, 'generalcall', 'index,edit', NULL, 1, '2022-05-10 11:40:07'),
(4, 1, 'postal_dispatch', NULL, 'postal_dispatch', 'admin/dispatch', 4, '(\'postal_dispatch\', \'can_view\')', NULL, 'dispatch', 'index,editdispatch', NULL, 1, '2022-05-10 11:40:09'),
(5, 1, 'postal_receive', NULL, 'postal_receive', 'admin/receive', 5, '(\'postal_receive\', \'can_view\')', NULL, 'receive', 'index,editreceive', NULL, 1, '2022-05-10 11:40:09'),
(6, 1, 'complain', NULL, 'complain', 'admin/complaint', 6, '(\'complaint\', \'can_view\')', NULL, 'complaint', 'index,edit', NULL, 1, '2022-05-10 11:40:00'),
(7, 1, 'setup_front_office', NULL, 'setup_front_office', 'admin/visitorspurpose', 7, '(\'setup_font_office\', \'can_view\')', NULL, 'visitorspurpose', 'index,edit', NULL, 1, '2022-04-18 15:43:15'),
(9, 2, 'student_admission', NULL, 'student_admission', 'student/create', 2, '(\'student\', \'can_add\')', NULL, 'student', 'create,import', NULL, 1, '2022-08-30 07:51:02'),
(10, 2, 'online_admission', NULL, 'online_admission', 'admin/onlinestudent', 3, '(\'online_admission\', \'can_view\')', 27, 'onlinestudent', 'index,edit', NULL, 1, '2022-05-10 11:40:30'),
(11, 2, 'disable_student', NULL, 'disabled_students', 'student/disablestudentslist', 4, '(\'disable_student\', \'can_view\')', NULL, 'student', 'disablestudentslist', '', 1, '2022-07-23 06:49:00'),
(12, 3, 'collect_fees', NULL, 'collect_fees', 'studentfee', 1, '(\'collect_fees\', \'can_view\')', NULL, 'studentfee', 'index,addfee', NULL, 1, '2022-07-23 06:53:34'),
(13, 3, 'search_fees_payment', NULL, 'search_fees_payment', 'studentfee/searchpayment', 3, '(\'search_fees_payment\', \'can_view\')', NULL, 'studentfee', 'searchpayment', NULL, 1, '2022-08-08 06:03:40'),
(14, 3, 'search_due_fees', NULL, 'search_due_fees', 'studentfee/feesearch', 4, '(\'search_due_fees\', \'can_view\')', NULL, 'studentfee', 'feesearch', NULL, 1, '2022-08-08 06:03:38'),
(15, 3, 'fees_master', NULL, 'fees_master', 'admin/feemaster', 5, '(\'fees_master\', \'can_view\')', NULL, 'feemaster', 'index,assign,edit', NULL, 1, '2022-09-24 07:35:55'),
(16, 3, 'fees_group', NULL, 'fees_group', 'admin/feegroup', 6, '(\'fees_group\', \'can_view\')', NULL, 'feegroup', 'index,edit', NULL, 1, '2022-08-08 06:03:32'),
(17, 4, 'add_income', NULL, 'add_income', 'admin/income', 1, '(\'income\', \'can_view\')', NULL, 'income', 'index,edit', NULL, 1, '2022-07-23 07:03:40'),
(18, 4, 'search_income', NULL, 'search_income', 'admin/income/incomesearch', 2, '(\'search_income\', \'can_view\')', NULL, 'income', 'incomesearch', NULL, 1, '2022-07-23 07:10:13'),
(19, 4, 'income_head', NULL, 'income_head', 'admin/incomehead', 3, '(\'income_head\', \'can_view\')', NULL, 'incomehead', 'index,edit', NULL, 1, '2022-07-23 07:11:11'),
(20, 2, 'student_details', NULL, 'student_details', 'student/search', 1, '(\'student\', \'can_view\')', NULL, 'student', 'search,view,edit', NULL, 1, '2022-08-30 07:51:05'),
(21, 2, 'multi_class_student', NULL, 'multi_class_student', 'student/multiclass', 5, '(\'multi_class_student\', \'can_view\')', 26, 'student', 'multiclass', NULL, 1, '2022-07-23 06:48:37'),
(22, 2, 'bulk_delete', NULL, 'bulk_delete', 'student/bulkdelete', 6, '(\'student\', \'can_delete\')', NULL, 'student', 'bulkdelete', NULL, 1, '2022-07-23 06:48:11'),
(23, 2, 'student_categories', NULL, 'student_categories', 'category', 7, '(\'student_categories\', \'can_view\')', NULL, 'category', 'index,edit', NULL, 1, '2022-07-23 06:47:24'),
(24, 2, 'student_house', NULL, 'student_house', 'admin/schoolhouse', 8, '(\'student_houses\', \'can_view\')', NULL, 'schoolhouse', 'index,edit', NULL, 1, '2022-07-23 06:49:59'),
(25, 2, 'disable_reason', NULL, 'disable_reason', 'admin/disable_reason', 9, '(\'disable_reason\', \'can_view\')', NULL, 'disable_reason', 'index,edit', NULL, 1, '2022-07-23 06:50:41'),
(29, 7, 'add_expense', NULL, 'add_expense', 'admin/expense', 1, '(\'expense\', \'can_view\')', NULL, 'expense', 'index,edit', '', 1, '2022-07-23 07:12:25'),
(32, 3, 'fees_type', NULL, 'fees_type', 'admin/feetype', 7, '(\'fees_type\', \'can_view\')', NULL, 'feetype', 'index,edit', '', 1, '2022-08-08 06:03:29'),
(33, 10, 'attendance_by_date', 'attendance_by_date', 'attendance_by_date', 'admin/stuattendence/attendencereport', 3, '(\'attendance_by_date\', \'can_view\')', NULL, 'stuattendence', 'attendencereport', '', 1, '2024-03-14 12:20:46'),
(34, 10, 'student_attendance', 'student_attendance', 'student_attendance', 'admin/stuattendence', 1, '(\'student_attendance\', \'can_view\')', NULL, 'stuattendence', 'index', '', 1, '2024-03-14 12:20:46'),
(35, 10, 'approve_leave', 'approve_leave', 'approve_leave', 'admin/approve_leave', 2, '(\'approve_leave\', \'can_view\')', NULL, 'approve_leave', 'index', '', 1, '2022-10-14 16:16:44'),
(36, 11, 'exam_group', NULL, 'exam_group', 'admin/examgroup', 1, '(\'exam_group\', \'can_view\')', NULL, 'examgroup', 'index,addexam,edit', '', 1, '2022-07-23 07:23:01'),
(37, 11, 'exam_schedule', NULL, 'exam_schedule', 'admin/exam_schedule', 2, '(\'student_attendance\', \'can_view\')', NULL, 'exam_schedule', 'index', '', 1, '2022-05-16 07:01:34'),
(38, 11, 'exam_result', NULL, 'exam_result', 'admin/examresult', 3, '(\'exam_result\', \'can_view\')', NULL, 'examresult', 'index', '', 1, '2022-05-16 07:01:34'),
(39, 11, 'design_admit_card', NULL, 'design_admit_card', 'admin/admitcard', 4, '(\'design_admit_card\', \'can_view\')', NULL, 'admitcard', 'index,edit', '', 1, '2022-07-23 07:28:02'),
(40, 11, 'print_admit_card', NULL, 'print_admit_card', 'admin/examresult/admitcard', 5, '(\'print_admit_card\', \'can_view\')', NULL, 'examresult', 'admitcard', '', 1, '2022-05-16 07:01:34'),
(41, 11, 'design_marksheet', NULL, 'design_marksheet', 'admin/marksheet', 6, '(\'design_marksheet\', \'can_view\')', NULL, 'marksheet', 'index,edit', '', 1, '2022-07-23 07:35:35'),
(42, 11, 'print_marksheet', NULL, 'print_marksheet', 'admin/examresult/marksheet', 7, '(\'print_marksheet\', \'can_view\')', NULL, 'examresult', 'marksheet', '', 1, '2022-05-16 07:01:38'),
(43, 11, 'marks_grade', NULL, 'marks_grade', 'admin/grade', 8, '(\'marks_grade\', \'can_view\')', NULL, 'grade', 'index,edit', '', 1, '2022-07-23 07:37:15'),
(44, 11, 'marks_division', NULL, 'marks_division', 'admin/marksdivision', 9, '(\'marks_division\', \'can_view\')', NULL, 'marksdivision', 'index,edit', '', 1, '2022-08-25 06:04:26'),
(45, 12, 'online_exam', NULL, 'online_exam', 'admin/onlineexam', 1, '(\'online_examination\', \'can_view\')', NULL, 'onlineexam', 'index,evalution,assign', '', 1, '2022-08-30 13:03:45'),
(46, 12, 'question_bank', NULL, 'question_bank', 'admin/question', 1, '(\'question_bank\', \'can_view\')', NULL, 'question', 'index,read', '', 1, '2022-08-30 11:03:13'),
(47, 13, 'manage_lesson_plan', NULL, 'manage_lesson_plan', 'admin/syllabus', 2, '(\'manage_lesson_plan\', \'can_view\')', NULL, 'syllabus', 'index', '', 1, '2022-09-03 16:59:31'),
(48, 13, 'manage_syllabus_status', NULL, 'manage_syllabus_status', 'admin/syllabus/status', 3, '(\'manage_syllabus_status\', \'can_view\')', NULL, 'syllabus', 'status', '', 1, '2022-09-03 16:59:35'),
(49, 13, 'lesson', NULL, 'lesson', 'admin/lessonplan/lesson', 4, '(\'lesson\', \'can_view\')', NULL, 'lessonplan', 'lesson,editlesson', '', 1, '2022-09-15 11:30:55'),
(50, 13, 'topic', NULL, 'topic', 'admin/lessonplan/topic', 5, '(\'topic\', \'can_view\')', NULL, 'lessonplan', 'topic,edittopic', '', 1, '2022-09-15 11:30:24'),
(51, 14, 'class_timetable', NULL, 'class_timetable', 'admin/timetable/classreport', 1, '(\'class_timetable\', \'can_view\')', NULL, 'timetable', 'classreport,create', '', 1, '2022-07-23 09:01:22'),
(52, 14, 'teachers_timetable', NULL, 'teachers_timetable', 'admin/timetable/mytimetable', 2, '(\'teachers_time_table\', \'can_view\')', NULL, 'timetable', 'mytimetable', '', 1, '2022-07-20 12:22:59'),
(53, 14, 'assign_class_teacher', NULL, 'assign_class_teacher', 'admin/teacher/assign_class_teacher', 3, '(\'assign_class_teacher\', \'can_view\')', NULL, 'teacher', 'assign_class_teacher,update_class_teacher', '', 1, '2022-07-23 09:00:19'),
(54, 14, 'promote_students', NULL, 'promote_students', 'admin/stdtransfer', 4, '(\'promote_student\', \'can_view\')', NULL, 'stdtransfer', 'index', '', 1, '2022-07-20 12:22:54'),
(55, 14, 'subject_group', NULL, 'subject_group', 'admin/subjectgroup', 5, '(\'subject_group\', \'can_view\')', NULL, 'subjectgroup', 'index,edit', '', 1, '2022-07-23 08:59:42'),
(56, 14, 'subjects', NULL, 'subjects', 'admin/subject', 6, '(\'subject\', \'can_view\')', NULL, 'subject', 'index,edit', '', 1, '2022-07-23 08:59:20'),
(57, 14, 'class', NULL, 'class', 'classes', 7, '(\'class\', \'can_view\')', NULL, 'classes', 'index,edit', '', 1, '2022-07-23 08:58:49'),
(58, 14, 'sections', NULL, 'sections', 'sections', 8, '(\'section\', \'can_view\')', NULL, 'sections', 'index,edit', '', 1, '2022-07-23 08:58:21'),
(59, 15, 'staff_directory', NULL, 'staff_directory', 'admin/staff', 1, '(\'staff\', \'can_view\')', NULL, 'staff', 'index,edit,profile,create', '', 1, '2022-10-12 09:13:24'),
(60, 15, 'staff_attendance', NULL, 'staff_attendance', 'admin/staffattendance', 1, '(\'staff_attendance\', \'can_view\')', NULL, 'staffattendance', 'index', '', 1, '2022-09-07 12:04:15'),
(61, 15, 'payroll', NULL, 'payroll', 'admin/payroll', 1, '(\'staff_payroll\', \'can_view\')', NULL, 'payroll', 'index,edit,create', '', 1, '2022-08-16 11:58:44'),
(62, 15, 'approve_leave_request', NULL, 'approve_leave_request', 'admin/leaverequest/leaverequest', 1, '(\'approve_leave_request\', \'can_view\')', NULL, 'leaverequest', 'leaverequest', '', 1, '2022-05-16 09:04:33'),
(74, 15, 'apply_leave', NULL, 'apply_leave', 'admin/staff/leaverequest', 1, '(\'apply_leave\', \'can_view\')', NULL, 'staff', 'leaverequest', '', 1, '2022-05-16 09:11:41'),
(75, 15, 'leave_type', NULL, 'leave_type', 'admin/leavetypes', 1, '(\'leave_types\', \'can_view\')', NULL, 'leavetypes', 'index,leaveedit,createleavetype', '', 1, '2022-10-18 11:19:22'),
(76, 15, 'teachers_rating', NULL, 'teachers_rating', 'admin/staff/rating', 1, '(\'teachers_rating\', \'can_view\')', NULL, 'staff', 'rating', '', 1, '2022-05-16 09:15:31'),
(77, 15, 'department', NULL, 'department', 'admin/department/department', 1, '(\'department\', \'can_view\')', NULL, 'department', 'department,departmentedit', '', 1, '2022-07-23 09:14:20'),
(78, 15, 'designation', NULL, 'designation', 'admin/designation/designation', 1, '(\'designation\', \'can_view\')', NULL, 'designation', 'designation,designationedit', '', 1, '2022-07-23 09:15:04'),
(79, 15, 'disabled_staff', NULL, 'disabled_staff', 'admin/staff/disablestafflist', 1, '(\'disable_staff\', \'can_view\')', NULL, 'staff', 'disablestafflist', '', 1, '2022-09-13 07:46:56'),
(80, 16, 'notice_board', NULL, 'notice_board', 'admin/notification', 1, '(\'notice_board\', \'can_view\')', NULL, 'notification', 'index,edit,add', '', 1, '2022-07-23 09:17:24'),
(81, 16, 'send_email', NULL, 'send_email', 'admin/mailsms/compose', 2, '(\'email\', \'can_view\')', NULL, 'mailsms', 'compose', '', 1, '2022-09-02 16:52:46'),
(82, 16, 'send_sms', NULL, 'send_sms', 'admin/mailsms/compose_sms', 3, '(\'sms\', \'can_view\')', NULL, 'mailsms', 'compose_sms', '', 1, '2022-09-02 16:52:46'),
(83, 16, 'email_sms_log', NULL, 'email_sms_log', 'admin/mailsms/index', 4, '(\'email_sms_log\', \'can_view\')', NULL, 'mailsms', 'index', '', 1, '2022-09-02 16:52:50'),
(84, 16, 'schedule_email_sms_log', NULL, 'schedule_email_sms_log', 'admin/mailsms/schedule', 5, '(\'schedule_email_sms_log\', \'can_view\')', NULL, 'mailsms', 'schedule,edit_schedule', '', 1, '2022-09-13 07:07:38'),
(85, 16, 'login_credentials_send', NULL, 'login_credentials_send', 'student/bulkmail', 6, '(\'login_credentials_send\', \'can_view\')', NULL, 'student', 'bulkmail', '', 1, '2022-09-02 16:52:46'),
(86, 16, 'email_template', NULL, 'email_template', 'admin/mailsms/email_template', 7, '(\'email_template\', \'can_view\')', NULL, 'mailsms', 'email_template', '', 1, '2022-09-02 16:52:46'),
(87, 16, 'sms_template', NULL, 'sms_template', 'admin/mailsms/sms_template', 8, '(\'sms_template\', \'can_view\')', NULL, 'mailsms', 'sms_template', '', 1, '2022-09-02 16:52:46'),
(88, 17, 'content_type', NULL, 'content_type', 'admin/contenttype', 1, '(\'content_type\', \'can_view\')', NULL, 'contenttype', 'index,edit', '', 1, '2022-07-23 09:24:45'),
(89, 17, 'content_share_list', NULL, 'content_share_list', 'admin/content/list', 1, '(\'content_share_list\', \'can_view\')', NULL, 'content', 'list', '', 1, '2022-07-22 10:07:17'),
(90, 17, 'upload_content', NULL, 'upload_content', 'admin/content/upload', 1, '(\'upload_content\', \'can_view\')', NULL, 'content', 'upload', '', 1, '2022-07-22 10:07:17'),
(91, 17, 'video_tutorial', NULL, 'video_tutorial', 'admin/video_tutorial', 1, '(\'video_tutorial\', \'can_view\')', NULL, 'video_tutorial', 'index', '', 1, '2022-07-22 10:07:17'),
(92, 18, 'add_homework', NULL, 'add_homework', 'homework', 1, '(\'homework\', \'can_view\')', NULL, 'homework', 'index', '', 1, '2022-06-25 09:50:01'),
(93, 18, 'daily_assignment', NULL, 'daily_assignment', 'homework/dailyassignment', 2, '(\'daily_assignment\', \'can_view\')', NULL, 'homework', 'dailyassignment', '', 1, '2022-07-23 09:27:23'),
(94, 19, 'book_list', NULL, 'book_list', 'admin/book/getall', 1, '(\'books\', \'can_view\')', NULL, 'book', 'getall,index,edit,import,issue_returnreport', '', 1, '2022-09-07 11:45:50'),
(95, 19, 'issue_return', NULL, 'issue_return', 'admin/member', 1, '(\'issue_return\', \'can_view\')', NULL, 'member', 'index,issue', '', 1, '2022-07-23 09:32:48'),
(96, 19, 'add_student', NULL, 'add_student', 'admin/member/student', 1, '(\'add_student\', \'can_view\')', NULL, 'member', 'student', '', 1, '2022-05-16 11:22:54'),
(97, 19, 'add_staff_member', NULL, 'add_staff_member', 'admin/member/teacher', 1, '(\'add_staff_member\', \'can_view\')', NULL, 'member', 'teacher', '', 1, '2022-05-16 11:31:43'),
(98, 7, 'search_expense', NULL, 'search_expense', 'admin/expense/expensesearch', 1, '(\'search_expense\', \'can_view\')', NULL, 'expense', 'expensesearch', '', 1, '2022-05-16 11:36:09'),
(99, 7, 'expense_head', NULL, 'expense_head', 'admin/expensehead', 1, '(\'expense_head\', \'can_view\')', NULL, 'expensehead', 'index,edit', '', 1, '2022-07-23 07:16:17'),
(100, 20, 'issue_item', NULL, 'issue_item', 'admin/issueitem', 1, '(\'issue_item\', \'can_view\')', NULL, 'issueitem', 'index,create', '', 1, '2022-07-23 09:35:03'),
(101, 20, 'add_item_stock', NULL, 'add_item_stock', 'admin/itemstock', 1, '(\'item_stock\', \'can_view\')', NULL, 'itemstock', 'index,edit', '', 1, '2022-07-23 09:36:17'),
(102, 20, 'add_item', NULL, 'add_item', 'admin/item', 1, '(\'item\', \'can_view\')', NULL, 'item', 'index,edit', '', 1, '2022-07-23 09:36:56'),
(103, 20, 'item_category', NULL, 'item_category', 'admin/itemcategory', 1, '(\'item_category\', \'can_view\')', NULL, 'itemcategory', 'index,edit', '', 1, '2022-07-23 09:37:12'),
(104, 20, 'item_store', NULL, 'item_store', 'admin/itemstore', 1, '(\'store\', \'can_view\')', NULL, 'itemstore', 'index,edit,create', '', 1, '2022-09-16 11:49:03'),
(105, 20, 'item_supplier', NULL, 'item_supplier', 'admin/itemsupplier', 1, '(\'supplier\', \'can_view\')', NULL, 'itemsupplier', 'index,edit,create', '', 1, '2022-07-23 09:38:22'),
(106, 21, 'fees_master', NULL, 'fees_master', 'admin/transport/feemaster', 1, '(\'transport_fees_master\', \'can_view\')', NULL, 'transport', 'feemaster', '', 1, '2023-03-31 05:33:14'),
(107, 21, 'pickup_point', NULL, 'pickup_point', 'admin/pickuppoint', 1, '(\'pickup_point\', \'can_view\')', NULL, 'pickuppoint', 'index', '', 1, '2023-03-31 05:24:24'),
(108, 21, 'routes', NULL, 'routes', 'admin/route', 1, '(\'routes\', \'can_view\')', NULL, 'route', 'index,edit', '', 1, '2022-09-17 06:21:23'),
(109, 21, 'vehicles', NULL, 'vehicles', 'admin/vehicle', 1, '(\'vehicle\', \'can_view\')', NULL, 'vehicle', 'index', '', 1, '2022-05-16 12:29:35'),
(110, 21, 'assign_vehicle', NULL, 'assign_vehicle', 'admin/vehroute', 1, '(\'assign_vehicle\',\'can_view\')', NULL, 'vehroute', 'index,edit', '', 1, '2022-10-19 07:06:08'),
(111, 21, 'route_pickup_point', NULL, 'route_pickup_point', 'admin/pickuppoint/assign', 1, '(\'route_pickup_point\', \'can_view\')', NULL, 'pickuppoint', 'assign', '', 1, '2023-03-31 05:25:08'),
(112, 21, 'student_transport_fees', NULL, 'student_transport_fees', 'admin/pickuppoint/student_fees', 1, '(\'student_transport_fees\', \'can_view\')', NULL, 'pickuppoint', 'student_fees', '', 1, '2023-03-31 05:25:43'),
(113, 22, 'hostel_rooms', NULL, 'hostel_rooms', 'admin/hostelroom', 1, '(\'hostel_rooms\', \'can_view\')', NULL, 'hostelroom', 'index,edit', '', 1, '2022-07-23 10:27:48'),
(114, 22, 'room_type', NULL, 'room_type', 'admin/roomtype', 2, '(\'room_type\', \'can_view\')', NULL, 'roomtype', 'index,edit', '', 1, '2022-07-23 10:32:14'),
(115, 22, 'hostel', NULL, 'hostel', 'admin/hostel', 3, '(\'hostel\', \'can_view\')', NULL, 'hostel', 'index,edit', '', 1, '2022-07-23 10:32:39'),
(116, 23, 'student_certificate', NULL, 'student_certificate', 'admin/certificate', 1, '(\'student_certificate\', \'can_view\')', NULL, 'certificate', 'index,edit', '', 1, '2022-07-23 10:44:30'),
(117, 23, 'generate_certificate', NULL, 'generate_certificate', 'admin/generatecertificate', 1, '(\'generate_certificate\', \'can_view\')', NULL, 'generatecertificate', 'index,search', '', 1, '2022-07-23 10:46:16'),
(118, 23, 'student_id_card', NULL, 'student_id_card', 'admin/studentidcard', 1, '(\'student_id_card\', \'can_view\')', NULL, 'studentidcard', 'index,edit', '', 1, '2022-07-23 10:47:01'),
(119, 23, 'generate_id_card', NULL, 'generate_id_card', 'admin/generateidcard/search', 1, '(\'generate_id_card\', \'can_view\')', NULL, 'generateidcard', 'search', '', 1, '2022-05-18 05:35:13'),
(120, 23, 'staff_id_card', NULL, 'staff_id_card', 'admin/staffidcard', 1, '(\'staff_id_card\', \'can_view\')', NULL, 'staffidcard', 'index,edit', '', 1, '2022-07-23 10:48:13'),
(121, 23, 'generate_staff_id_card', NULL, 'generate_staff_id_card', 'admin/generatestaffidcard', 1, '(\'generate_staff_id_card\', \'can_view\')', NULL, 'generatestaffidcard', 'index,search', '', 1, '2022-07-23 10:49:06'),
(122, 24, 'event', NULL, 'event', 'admin/front/events', 1, '(\'event\', \'can_view\')', NULL, 'events', 'index,edit,create', '', 1, '2022-07-23 10:51:51'),
(123, 24, 'gallery', NULL, 'gallery', 'admin/front/gallery', 1, '(\'gallery\', \'can_view\')', NULL, 'gallery', 'index,edit,create', '', 1, '2022-07-23 10:52:22'),
(124, 24, 'news', NULL, 'news', 'admin/front/notice', 1, '(\'notice\', \'can_view\')', NULL, 'notice', 'index,edit,create', '', 1, '2022-07-23 10:54:23'),
(125, 24, 'media_manager', NULL, 'media_manager', 'admin/front/media', 1, '(\'media_manager\', \'can_view\')', NULL, 'media', 'index', '', 1, '2022-05-18 06:03:32'),
(126, 24, 'pages', NULL, 'pages', 'admin/front/page', 1, '(\'pages\', \'can_view\')', NULL, 'page', 'index,edit,create', '', 1, '2022-07-23 10:55:28'),
(127, 24, 'menus', NULL, 'menus', 'admin/front/menus', 1, '(\'menus\', \'can_view\')', NULL, 'menus', 'index,additem', '', 1, '2022-07-23 10:56:31'),
(128, 24, 'banner_images', NULL, 'banner_images', 'admin/front/banner', 1, '(\'banner_images\', \'can_view\')', NULL, 'banner', 'index', '', 1, '2022-05-18 06:10:53'),
(129, 25, 'manage_alumini', NULL, 'manage_alumini', 'admin/alumni/alumnilist', 1, '(\'manage_alumni\', \'can_view\')', NULL, 'alumni', 'alumnilist', '', 1, '2022-07-23 10:58:36'),
(130, 25, 'events', NULL, 'events', 'admin/alumni/events', 1, '(\'events\', \'can_view\')', NULL, 'alumni', 'events', '', 1, '2022-07-23 10:59:09'),
(131, 26, 'student_information', NULL, 'student_information', 'report/studentinformation', 1, '(\'student_report\', \'can_view\') || (\'guardian_report\', \'can_view\') || (\'student_history\', \'can_view\') || (\'student_login_credential_report\', \'can_view\') || (\'class_subject_report\', \'can_view\') || (\'admission_report\', \'can_view\') || (\'sibling_report\', \'can_view\') || (\'homehork_evaluation_report\', \'can_view\') || (\'student_profile\', \'can_view\') || (\'student_gender_ratio_report\', \'can_view\') || (\'student_teacher_ratio_report\', \'can_view\')', NULL, 'report', 'studentinformation,studentreport,online_admission_report,student_teacher_ratio,boys_girls_ratio,student_profile,sibling_report,admission_report,class_subject,classsectionreport,guardianreport,admissionreport,logindetailreport,parentlogindetailreport', '', 1, '2022-09-26 05:26:53'),
(132, 26, 'finance', NULL, 'finance', 'financereports/finance', 2, '(\'fees_statement\', \'can_view\') || (\'balance_fees_report\', \'can_view\') || (\'fees_collection_report\', \'can_view\') || (\'online_fees_collection_report\', \'can_view\') || (\'income_report\', \'can_view\') || (\'expense_report\', \'can_view\') || (\'payroll_report\', \'can_view\') || (\'income_group_report\', \'can_view\') || (\'expense_group_report\', \'can_view\') || (\'online_admission\', \'can_view\') || (\'salaryoutstanding\', \'can_view\') || (\'salary_outstanding\', \'can_view\') || (\'vehicle_fuel_report\', \'can_view\') || (\'vehicle_inc_exp\', \'can_view\')', NULL, 'financereports', 'finance,reportduefees,reportdailycollection,reportbyname,studentacademicreport,collection_report,onlinefees_report,duefeesremark,income,expense,payroll,incomegroup,expensegroup,onlineadmission,salaryoutstanding, salary_outstanding,vehicle_fuel_report,vehicle_inc_exp', '', 1, '2024-02-25 04:21:23'),
(133, 26, 'attendance', NULL, 'attendance', 'attendencereports/attendance', 3, '(\'attendance_report\', \'can_view\') || (\'student_attendance_type_report\', \'can_view\') || (\'daily_attendance_report\', \'can_view\') || (\'staff_attendance_report\', \'can_view\')', NULL, 'attendencereports', 'attendance,classattendencereport,attendancereport,daily_attendance_report,staffattendancereport,biometric_attlog,reportbymonthstudent,reportbymonth', '', 1, '2022-09-26 11:36:08'),
(134, 26, 'examinations', NULL, 'examinations', 'admin/examresult/examinations', 4, '(\'rank_report\', \'can_view\')', NULL, 'examresult', 'rankreport,examinations', '', 1, '2022-09-20 08:34:13'),
(135, 26, 'lesson_plan', NULL, 'lesson_plan', 'report/lesson_plan', 6, '(\'syllabus_status_report\', \'can_view\') || (\'teacher_syllabus_status_report\', \'can_view\')', NULL, 'report', 'lesson_plan,teachersyllabusstatus', '', 1, '2022-07-25 11:39:17'),
(136, 26, 'human_resource', NULL, 'human_resource', 'report/human_resource', 7, '(\'staff_report\', \'can_view\') || (\'payroll_report\', \'can_view\')', NULL, 'report', 'human_resource,staff_report,payrollreport', '', 1, '2022-07-25 11:38:20'),
(137, 26, 'library', NULL, 'library', 'report/library', 9, '(\'book_issue_report\', \'can_view\') || (\'book_due_report\', \'can_view\') || (\'book_issue_return_report\', \'can_view\') || (\'book_inventory_report\', \'can_view\')', NULL, 'report', 'library,studentbookissuereport,bookduereport,bookinventory', '', 1, '2022-09-07 11:53:15'),
(138, 26, 'inventory', NULL, 'inventory', 'report/inventory', 10, '(\'stock_report\', \'can_view\') || (\'add_item_report\', \'can_view\') || (\'issue_item_report\', \'can_view\')', NULL, 'report', 'inventory,inventorystock,additem,issueinventory', '', 1, '2022-07-25 11:30:57'),
(139, 26, 'hostel', NULL, 'hostel', 'admin/hostelroom/studenthosteldetails', 12, '(\'hostel_report\', \'can_view\')', NULL, 'hostelroom', 'studenthosteldetails', '', 1, '2022-07-20 12:30:07'),
(140, 26, 'alumni', NULL, 'alumni', 'report/alumnireport', 13, '(\'alumni_report\', \'can_view\')', NULL, 'report', 'alumnireport', '', 1, '2022-07-20 12:30:07'),
(141, 26, 'user_log', NULL, 'user_log', 'admin/userlog', 14, '(\'user_log\', \'can_view\')', NULL, 'userlog', 'index', '', 1, '2022-07-20 12:30:07'),
(142, 26, 'audit_trail_report', NULL, 'audit_trail_report', 'admin/audit', 15, '(\'audit_trail_report\', \'can_view\')', NULL, 'audit', 'index', '', 1, '2022-07-20 12:30:07'),
(143, 26, 'online_examinations', NULL, 'online_examinations', 'admin/onlineexam/report', 5, '(\'online_exam_wise_report\', \'can_view\') || (\'online_exams_report\', \'can_view\') || (\'online_exams_attempt_report\', \'can_view\') || (\'online_exams_rank_report\', \'can_view\')', NULL, 'onlineexam', 'report,onlineexams', '', 1, '2022-07-25 11:48:23'),
(144, 26, 'homework', NULL, 'homework', 'homework/homeworkordailyassignmentreport', 8, '(\'homework\', \'can_view\') || (\'daily_assignment\', \'can_view\')', NULL, 'homework', 'homeworkordailyassignmentreport,homeworkreport,evaluation_report,dailyassignmentreport', '', 1, '2022-09-21 09:28:47'),
(145, 26, 'transport', NULL, 'transport', 'admin/route/studenttransportdetails', 11, '(\'transport_report\', \'can_view\')', NULL, 'route', 'studenttransportdetails', '', 1, '2022-07-20 12:30:07'),
(146, 27, 'general_setting', NULL, 'general_setting', 'schsettings', 1, '(\'general_setting\', \'can_view\')', NULL, 'schsettings', 'index,logo,miscellaneous,backendtheme,mobileapp,studentguardianpanel,fees,idautogeneration,attendancetype,maintenance', '', 1, '2022-07-25 11:14:13'),
(147, 27, 'session_setting', NULL, 'session_setting', 'sessions', 2, '(\'session_setting\', \'can_view\')', NULL, 'sessions', 'index,edit', '', 1, '2022-07-23 11:57:16'),
(148, 27, 'notification_setting', NULL, 'notification_setting', 'admin/notification/setting', 3, '(\'notification_setting\', \'can_view\')', NULL, 'notification', 'setting', '', 1, '2022-07-08 08:12:28'),
(149, 27, 'sms_setting', NULL, 'sms_setting', 'smsconfig', 4, '(\'sms_setting\', \'can_view\')', NULL, 'smsconfig', 'index', '', 1, '2022-07-08 08:12:28'),
(150, 27, 'email_setting', NULL, 'email_setting', 'emailconfig', 5, '(\'email_setting\', \'can_view\')', NULL, 'emailconfig', 'index', '', 1, '2022-07-08 08:12:28'),
(151, 27, 'payment_methods', NULL, 'payment_methods', 'admin/paymentsettings', 6, '(\'payment_methods\', \'can_view\')', NULL, 'paymentsettings', 'index', '', 1, '2022-07-08 08:12:28'),
(152, 27, 'print_headerfooter', NULL, 'print_headerfooter', 'admin/print_headerfooter', 7, '(\'print_header_footer\', \'can_view\')', NULL, 'print_headerfooter', 'index', '', 1, '2022-07-08 08:12:28'),
(153, 27, 'front_cms_setting', NULL, 'front_cms_setting', 'admin/frontcms', 8, '(\'front_cms_setting\', \'can_view\')', NULL, 'frontcms', 'index', '', 1, '2022-07-08 08:12:28'),
(154, 27, 'roles_permissions', NULL, 'roles_permissions', 'admin/roles', 9, '(\'superadmin\', \'can_view\')', NULL, 'roles', 'index,permission', '', 1, '2022-09-09 11:03:34'),
(155, 27, 'backup_restore', NULL, 'backup_restore', 'admin/admin/backup', 10, '(\'backup\', \'can_view\')', NULL, 'admin', 'backup', '', 1, '2022-07-08 08:12:28'),
(156, 27, 'users', NULL, 'users', 'admin/users', 13, '(\'user_status\', \'can_view\')', NULL, 'users', 'index', '', 1, '2022-07-20 12:34:09'),
(157, 27, 'languages', NULL, 'languages', 'admin/language', 11, '(\'languages\', \'can_view\')', NULL, 'language', 'index,create', '', 1, '2022-09-10 09:14:52'),
(158, 27, 'modules', NULL, 'modules', 'admin/module', 14, '(\'superadmin\', \'can_view\')', NULL, 'module', 'index', '', 1, '2022-07-20 12:34:06'),
(159, 27, 'custom_fields', NULL, 'custom_fields', 'admin/customfield', 15, '(\'custom_fields\', \'can_view\')', NULL, 'customfield', 'index,edit', '', 1, '2022-07-23 12:02:14'),
(160, 27, 'captcha_setting', NULL, 'captcha_setting', 'admin/captcha', 16, '(\'superadmin\', \'can_view\')', NULL, 'captcha', 'index', '', 1, '2022-07-20 12:34:06'),
(161, 27, 'system_fields', NULL, 'system_fields', 'admin/systemfield', 17, '(\'system_fields\', \'can_view\')', NULL, 'systemfield', 'index', '', 1, '2022-07-22 06:07:38'),
(162, 27, 'student_profile_update', NULL, 'student_profile_update', 'student/profilesetting', 18, '(\'student_profile_update\', \'can_view\')', NULL, 'student', 'profilesetting', '', 1, '2022-07-20 12:34:06'),
(163, 27, 'online_admission', NULL, 'online_admission', 'admin/onlineadmission/admissionsetting', 19, '(\'online_admission\', \'can_view\')', NULL, 'onlineadmission', 'admissionsetting', '', 1, '2022-07-20 12:34:06'),
(164, 27, 'file_types', NULL, 'file_types', 'admin/admin/filetype', 20, '(\'superadmin\', \'can_view\')', NULL, 'admin', 'filetype', '', 1, '2022-07-20 12:34:30'),
(166, 27, 'sidebar_menu', NULL, 'sidebar_menu', 'admin/sidemenu', 21, '(\'sidebar_menu\', \'can_view\')', NULL, 'sidemenu', 'index', '', 1, '2022-10-13 11:49:51'),
(181, 3, 'fees_discount', NULL, 'fees_discount', 'admin/feediscount', 8, '(\'fees_discount\', \'can_view\')', NULL, 'feediscount', 'index,edit,assign', '', 1, '2022-08-08 06:03:27'),
(182, 3, 'fees_carry_forward', NULL, 'fees_carry_forward', 'admin/feesforward', 9, '(\'fees_carry_forward\', \'can_view\')', NULL, 'feesforward', 'index', '', 1, '2022-08-08 06:03:24'),
(183, 3, 'fees_reminder', NULL, 'fees_reminder', 'admin/feereminder/setting', 10, '(\'fees_reminder\', \'can_view\')', NULL, 'feereminder', 'setting', '', 1, '2022-08-08 06:03:21'),
(184, 27, 'currency', NULL, 'currency', 'admin/currency', 12, '(\'currency\', \'can_view\')', NULL, 'currency', 'index', '', 1, '2022-07-20 12:34:09'),
(190, 3, 'offline_bank_payments', NULL, 'offline_bank_payments', 'admin/offlinepayment', 2, '(\'offline_bank_payments\', \'can_view\')', NULL, 'offlinepayment', 'index', '', 1, '2022-08-08 06:05:29'),
(191, 13, 'Copy Old Lessons', NULL, 'copy_old_lesson', 'admin/lessonplan/copylesson', 1, '(\'copy_old_lesson\', \'can_view\')', NULL, 'lessonplan', 'copylesson', NULL, 1, '2022-09-09 10:20:37'),
(192, 10, 'Period Attendance', 'period_attendance', 'period_attendance', 'admin/subjectattendence/index', 4, '(\'student_attendance\',\'can_view\')', NULL, 'subjectattendence', 'index', NULL, 0, '2024-03-14 12:20:46'),
(193, 10, 'Period Attendance By Date', 'period_attendance_by_date', 'period_attendance_by_date', 'admin/subjectattendence/reportbydate', 5, '(\'attendance_by_date\', \'can_view\')', NULL, 'subjectattendence', 'reportbydate', NULL, 0, '2024-03-14 12:20:46'),
(194, 28, 'chart_of_accounts', NULL, 'chart_of_accounts', 'finance/accounts', 1, '(\'accounts\', \'can_view\')', NULL, 'finance/accounts', 'index,logo,miscellaneous,backendtheme,mobileapp,studentguardianpanel,fees,idautogeneration,attendancetype,maintenance', '', 1, '2023-12-17 13:10:06'),
(195, 28, 'entries', NULL, 'entries', 'finance/entries', 1, '(\'entries\', \'can_view\')', NULL, 'finance/entries', 'index,logo,miscellaneous,backendtheme,mobileapp,studentguardianpanel,fees,idautogeneration,attendancetype,maintenance', '', 1, '2023-12-17 13:10:01'),
(196, 29, 'balancesheet', NULL, 'balancesheet', 'finance/reports/balancesheet', 1, '(\'balancesheet\', \'can_view\')', NULL, 'finance/reports', 'index,logo,miscellaneous,backendtheme,mobileapp,studentguardianpanel,fees,idautogeneration,attendancetype,maintenance', '', 1, '2023-12-13 13:08:21'),
(197, 29, 'profitloss', NULL, 'profitloss', 'finance/reports/profitloss', 1, '(\'profitloss\', \'can_view\')', NULL, 'finance/reports', 'index,logo,miscellaneous,backendtheme,mobileapp,studentguardianpanel,fees,idautogeneration,attendancetype,maintenance', '', 1, '2023-12-13 13:08:21'),
(198, 29, 'trialbalance', NULL, 'trialbalance', 'finance/reports/trialbalance', 1, '(\'trialbalance\', \'can_view\')', NULL, 'finance/reports', 'index,logo,miscellaneous,backendtheme,mobileapp,studentguardianpanel,fees,idautogeneration,attendancetype,maintenance', '', 1, '2023-12-13 13:08:21'),
(201, 29, 'dashboard', NULL, 'dashboard', 'finance/reports/index', 1, '(\'index\', \'can_view\')', NULL, 'finance/reports', 'index,logo,miscellaneous,backendtheme,mobileapp,studentguardianpanel,fees,idautogeneration,attendancetype,maintenance', '', 1, '2023-12-13 13:08:21'),
(202, 29, 'ledgerentries', NULL, 'ledgerentries', 'finance/reports/ledgerentries', 1, '(\'ledgerentries\', \'can_view\')', NULL, 'finance/reports', 'index,logo,miscellaneous,backendtheme,mobileapp,studentguardianpanel,fees,idautogeneration,attendancetype,maintenance', '', 1, '2023-12-13 13:08:21'),
(203, 29, 'ledgerstatement', NULL, 'ledgerstatement', 'finance/reports/ledgerstatement', 1, '(\'ledgerstatement\', \'can_view\')', NULL, 'finance/reports', 'index,logo,miscellaneous,backendtheme,mobileapp,studentguardianpanel,fees,idautogeneration,attendancetype,maintenance', '', 1, '2023-12-13 13:08:21'),
(204, 29, 'reconciliation', NULL, 'reconciliation', 'finance/reports/reconciliation', 1, '(\'reconciliation\', \'can_view\')', NULL, 'finance/reports', 'index,logo,miscellaneous,backendtheme,mobileapp,studentguardianpanel,fees,idautogeneration,attendancetype,maintenance', '', 1, '2023-12-13 13:08:21'),
(205, 30, 'live_classes', NULL, 'live_classes', 'admin/gmeet/timetable', 1, '(\'timetable\', \'can_view\') || (\'live_classes\', \'can_view\')', NULL, 'admin/gmeet', 'index,logo,miscellaneous,backendtheme,mobileapp,studentguardianpanel,fees,idautogeneration,attendancetype,maintenance', '', 1, '2023-12-24 09:17:02'),
(206, 30, 'live_meeting', NULL, 'live_meeting', 'admin/gmeet/meeting', 1, '(\'meeting\', \'can_view\') || (\'live_meeting\', \'can_view\')', NULL, 'admin/gmeet', 'index,logo,miscellaneous,backendtheme,mobileapp,studentguardianpanel,fees,idautogeneration,attendancetype,maintenance', '', 1, '2023-12-24 09:15:27'),
(207, 30, 'class_report', NULL, 'class_report', 'admin/gmeet/class_report', 1, '(\'class_report\', \'can_view\')', NULL, 'admin/gmeet', 'index,logo,miscellaneous,backendtheme,mobileapp,studentguardianpanel,fees,idautogeneration,attendancetype,maintenance', '', 1, '2023-12-24 09:15:27'),
(208, 30, 'gmeet_setting', NULL, 'gmeet_setting', 'admin/gmeet/index', 1, '(\'index\', \'can_view\') || (\'settings\', \'can_view\')', NULL, 'admin/gmeet', 'index,logo,miscellaneous,backendtheme,mobileapp,studentguardianpanel,fees,idautogeneration,attendancetype,maintenance', '', 1, '2023-12-24 09:20:48'),
(210, 34, 'exam', NULL, 'exam', 'cbseexam/exam', 1, '(\'cbse_exam\', \'can_view\')', NULL, 'exam', 'index,examwiserank', '', 1, '2023-07-04 04:27:01'),
(211, 34, 'exam_schedule', NULL, 'exam_schedule', 'cbseexam/exam/examtimetable', 1, '(\'cbse_exam_schedule\', \'can_view\')', NULL, 'exam', 'examtimetable', '', 1, '2023-07-04 07:31:15'),
(212, 34, 'print_marksheet', NULL, 'print_marksheet', 'cbseexam/result/marksheet', 1, '(\'cbse_exam_print_marksheet\', \'can_view\')', NULL, 'result', 'marksheet', '', 1, '2023-05-24 23:53:50'),
(213, 34, 'exam_grade', NULL, 'exam_grade', 'cbseexam/grade/gradelist', 1, '(\'cbse_exam_grade\', \'can_view\')', NULL, 'grade', 'gradelist', '', 1, '2023-07-05 01:47:24'),
(214, 34, 'assign_observation', NULL, 'assign_observation', 'cbseexam/observation/assign', 1, '(\'cbse_exam_assign_observation\', \'can_view\')', NULL, 'observation', 'assign', '', 1, '2023-05-25 00:01:49'),
(215, 34, 'observation', NULL, 'observation', 'cbseexam/observation', 1, '(\'cbse_exam_observation\', \'can_view\')', NULL, 'observation', 'index', '', 1, '2023-07-05 01:47:37'),
(216, 34, 'observation_parameter', NULL, 'observation_parameter', 'cbseexam/observationparameter', 1, '(\'cbse_exam_observation_parameter\', \'can_view\')', NULL, 'observationparameter', 'index,edit', '', 1, '2023-06-30 02:09:42'),
(217, 34, 'assessment', NULL, 'assessment', 'cbseexam/assessment', 1, '(\'cbse_exam_assessment\', \'can_view\')', NULL, 'assessment', 'index', '', 1, '2023-05-25 00:04:19'),
(218, 34, 'term', NULL, 'term', 'cbseexam/term', 1, '(\'cbse_exam_term\', \'can_view\')', NULL, 'term', 'index', '', 1, '2023-05-25 00:04:53'),
(219, 34, 'template', NULL, 'template', 'cbseexam/template', 1, '(\'cbse_exam_template\', \'can_view\')', NULL, 'template', 'index,templatewiserank', '', 1, '2023-07-04 04:27:06'),
(220, 34, 'reports', NULL, 'reports', 'cbseexam/report/index', 1, '(\'subject_marks_report\', \'can_view\') || (\'template_marks_report\', \'can_view\')', NULL, 'report', 'index,templatewise,examsubject', '', 1, '2023-06-30 23:52:34'),
(221, 34, 'setting', NULL, 'setting', 'cbseexam/setting/index', 1, '(\'cbse_exam_setting\', \'can_view\')', NULL, 'setting', 'index', '', 1, '2023-07-02 23:56:03'),
(225, 35, 'overview', NULL, 'overview', 'admin/multibranch/branch/overview', 1, '(\'multi_branch_overview\', \'can_view\')', NULL, 'branch', 'overview', '', 1, '2022-11-15 00:35:27'),
(226, 35, 'report', NULL, 'report', 'admin/multibranch/finance/index', 1, '(\'multi_branch_daily_collection_report\', \'can_view\') || (\'multi_branch_payroll\', \'can_view\') || (\'multi_branch_income_report\', \'can_view\') || (\'multi_branch_expense_report\', \'can_view\') || (\'multi_branch_user_log_report\', \'can_view\')', NULL, 'finance', 'dailycollectionreport,payroll,incomelist,expenselist,incomereport,expensereport,userlogreport,index', '', 1, '2022-12-22 00:29:38'),
(227, 35, 'setting', NULL, 'setting', 'admin/multibranch/branch', 1, '(\'multi_branch_setting\', \'can_view\')', NULL, 'branch', 'index', '', 1, '2022-11-15 00:15:32'),
(230, 36, 'assign_incident', NULL, 'assign_incident', 'behaviour/studentincidents', 1, '(\'behaviour_records_assign_incident\', \'can_view\')', NULL, 'studentincidents', 'index', '', 1, '2022-07-26 23:25:37'),
(231, 36, 'incidents', NULL, 'incidents', 'behaviour/incidents', 1, '(\'behaviour_records_incident\', \'can_view\')', NULL, 'incidents', 'index', '', 1, '2022-09-06 07:32:04'),
(232, 36, 'reports', NULL, 'reports', 'behaviour/report', 1, '(\'student_incident_report\', \'can_view\') || (\'student_behaviour_rank_report\', \'can_view\') || (\'class_wise_rank_report\', \'can_view\') || (\'class_section_wise_rank_report\', \'can_view\') || (\'house_wise_rank_report\', \'can_view\') || (\'incident_wise_report\', \'can_view\')', NULL, 'report', 'index,studentincidentreport,studentbehaviorsrankreport,classwiserankreport,classsectionwiserank,housewiserank,incidentwisereport', '', 1, '2022-09-06 07:55:28'),
(233, 36, 'setting', NULL, 'setting', 'behaviour/setting', 1, '(\'behaviour_records_setting\', \'can_view\')', NULL, 'setting', 'index', '', 1, '2022-09-06 07:32:20'),
(234, 37, 'attendance', NULL, 'attendance', 'admin/qrattendance/attendance/index', 1, '(\'qr_code_attendance\', \'can_view\')', NULL, 'attendance', 'index', 'ssqra', 1, '2023-12-11 07:08:24'),
(235, 37, 'setting', NULL, 'setting', 'admin/qrattendance/setting/index', 2, '(\'qr_code_setting\', \'can_view\')', NULL, 'setting', 'index', NULL, 1, '2023-12-11 07:08:27'),
(236, 10, 'student_attendance', 'student_attendance', 'set_attendance', 'admin/stuattendence/setattendance', 1, '(\'student_attendance\', \'can_view\')', NULL, 'stuattendence', 'setattendance', '', 1, '2024-03-14 12:20:46'),
(237, 38, 'live_meeting', NULL, 'live_meeting', 'admin/conference/meeting', 1, '(\'meeting\', \'can_view\') || (\'live_meeting\', \'can_view\')', NULL, 'admin/conference', 'index,logo,miscellaneous,backendtheme,mobileapp,studentguardianpanel,fees,idautogeneration,attendancetype,maintenance', '', 1, '2023-12-24 09:17:02'),
(238, 38, 'live_class', NULL, 'live_class', 'admin/conference/timetable', 1, '(\'timetable\', \'can_view\') || (\'live_class\', \'can_view\')', NULL, 'admin/conference', 'index,logo,miscellaneous,backendtheme,mobileapp,studentguardianpanel,fees,idautogeneration,attendancetype,maintenance', '', 1, '2023-12-24 09:15:27'),
(239, 38, 'class_report', NULL, 'live_class_report', 'admin/conference/class_report', 1, '(\'class_report\', \'can_view\')', NULL, 'admin/conference', 'index,logo,miscellaneous,backendtheme,mobileapp,studentguardianpanel,fees,idautogeneration,attendancetype,maintenance', '', 1, '2024-01-28 15:45:37'),
(240, 38, 'meeting_report', NULL, 'meeting_report', 'admin/conference/meeting_report', 1, '(\'meeting_report\', \'can_view\')', NULL, 'admin/conference', 'index,logo,miscellaneous,backendtheme,mobileapp,studentguardianpanel,fees,idautogeneration,attendancetype,maintenance', '', 1, '2024-01-28 15:46:13'),
(241, 38, 'conference', NULL, 'setting', 'admin/conference/index', 1, '(\'index\', \'can_view\') || (\'conference\', \'can_view\')', NULL, 'admin/conference', 'index,logo,miscellaneous,backendtheme,mobileapp,studentguardianpanel,fees,idautogeneration,attendancetype,maintenance', '', 1, '2024-01-28 15:46:26'),
(242, 39, 'online_course', NULL, 'online_course', 'onlinecourse/course/index', 1, '(\'online_course\', \'can_view\')', NULL, 'course', 'index', 'ssoclc', 1, '2022-05-17 23:50:11'),
(243, 39, 'offline_payment', NULL, 'offline_payment', 'onlinecourse/offlinepayment/payment', 2, '(\'online_course_offline_payment\', \'can_view\')', NULL, 'offlinepayment', 'payment', 'ssoclc', 1, '2022-12-04 02:26:40'),
(244, 39, 'course_category', NULL, 'course_category', 'onlinecourse/coursecategory/categoryadd', 3, '(\'course_category\', \'can_view\') || (\'course_category\', \'can_add\') || (\'course_category\', \'can_edit\') || (\'course_category\', \'can_delete\')', NULL, 'coursecategory', 'categoryadd,categoryedit', 'ssoclc', 1, '2023-01-02 01:23:54'),
(245, 39, 'online_course_report', NULL, 'online_course_report', 'onlinecourse/coursereport/report', 4, '(\'student_course_purchase_report\', \'can_view\') || (\'course_sell_count_report\', \'can_view\') || (\'course_trending_report\', \'can_view\') || (\'course_complete_report\', \'can_view\')  || (\'course_rating_report\', \'can_view\')  || (\'guest_report\', \'can_view\')', NULL, 'coursereport', 'report,coursepurchase,coursesellreport,trendingreport,completereport,courseratingreport,guestlist,quizperformance', 'ssoclc', 1, '2022-12-08 21:00:31'),
(246, 39, 'setting', NULL, 'setting', 'onlinecourse/course/setting', 5, '(\'online_course_setting\', \'can_view\')', NULL, 'course', 'setting', '', 1, '2022-07-21 17:13:30'),
(247, 10, 'student_attendance', 'student_attendance', 'hostelattendance', 'admin/stuattendence/hostelattendance', 1, '(\'student_attendance\', \'can_view\')', NULL, 'stuattendence', 'hostelattendance', '', 1, '2024-02-24 15:21:12'),
(248, 40, 'all_leads', 'all_leads', 'all_leads', 'admin/leads/all_leads', 1, '(\'all_leads\', \'can_view\')', NULL, 'leads', 'all_leads', '', 1, '2024-02-24 15:21:13'),
(249, 40, 'managed_leads', 'managed_leads', 'managed_leads', 'admin/leads/managed_leads', 2, '(\'managed_leads\', \'can_view\')', NULL, 'leads', 'managed_leads', '', 0, '2024-04-14 14:46:32'),
(250, 40, 'unmanaged_leads', 'unmanaged_leads', 'unmanaged_leads', 'admin/leads/unmanaged_leads', 3, '(\'unmanaged_leads\', \'can_view\')', NULL, 'leads', 'unmanaged_leads', '', 0, '2024-04-14 14:46:32'),
(251, 40, 'leads_follow_up', 'leads_follow_up', 'leads_follow_up', 'admin/leads/leads_follow_up', 4, '(\'leads_follow_up\', \'can_view\')', NULL, 'leads', 'leads_follow_up', '', 1, '2024-04-14 14:46:32'),
(252, 40, 'campaign', 'campaign', 'campaign', 'admin/leads/campaign', 0, '(\'campaign\', \'can_view\')', NULL, 'leads', 'campaign', '', 1, '2024-03-11 13:14:46'),
(253, 40, 'set_followup_status', 'set_followup_status', 'set_followup_status', 'admin/leads/followup_status', 5, '(\'followup_status\', \'can_view\')', NULL, 'leads', 'followup_status', '', 1, '2024-03-11 13:14:46');


-- attendence_type
INSERT INTO `attendence_type` (`id`, `type`, `key_value`, `is_active`, `created_at`, `updated_at`) VALUES
(1, 'Present', '<b class=\"text text-success\">P</b>', 'yes', '2016-06-23 18:11:37', NULL),
(2, 'Late With Excuse', '<b class=\"text text-warning\">E</b>', 'no', '2018-05-29 08:19:48', NULL),
(3, 'Late', '<b class=\"text text-warning\">L</b>', 'yes', '2016-06-23 18:12:28', NULL),
(4, 'Absent', '<b class=\"text text-danger\">A</b>', 'yes', '2016-10-11 11:35:40', NULL),
(5, 'Holiday', 'H', 'yes', '2016-10-11 11:35:01', NULL),
(6, 'Half Day', '<b class=\"text text-warning\">F</b>', 'yes', '2016-06-23 18:12:28', NULL);


SET FOREIGN_KEY_CHECKS=1;
